id;modified;bibliographicCitation;institutionCode;collectionCode;basisOfRecord;informationWithheld;occurrenceID;catalogNumber;recordedBy;individualCount;sex;lifeStage;occurrenceStatus;eventDate;year;month;day;fieldNotes;waterBody;country;locality;minimumDepthInMeters;maximumDepthInMeters;decimalLatitude;decimalLongitude;coordinateUncertaintyInMeters;scientificNameID;scientificName;kingdom;phylum;class;order;family;genus;specificEpithet;infraspecificEpithet;scientificNameAuthorship
urn:catalog:AADC:BANZARE:BANZARE-1;13/01/2009 16.40;see http://data.aad.gov.au/metadata/records/ASAC_140;AADC;BANZARE;HumanObservation;collector identities withheld;urn:catalog:AADC:BANZARE:BANZARE-1;BANZARE-1;BANZARE Expedition crew;2;;;present;1929-11-08 13:00:00+00;1929;11;8;with whalebirds;Southern Ocean;Antarctica;Southern Ocean;;;-4.801.400.000;6.762.700.000;1.000.000.000.000;http://www.marinespecies.org/aphia.php?p=taxdetails&id=137090;Balaenoptera musculus;Animalia;Chordata;Mammalia;Cetacea;Balaenopteridae;Balaenoptera;musculus;;(Linnaeus,1758)
urn:catalog:AADC:BANZARE:BANZARE-10;13/01/2009 16.40;see http://data.aad.gov.au/metadata/records/ASAC_140;AADC;BANZARE;HumanObservation;collector identities withheld;urn:catalog:AADC:BANZARE:BANZARE-10;BANZARE-10;BANZARE Expedition crew;2;;;present;1929-12-16 19:30:00+00;1929;12;16;;Southern Ocean;Antarctica;Southern Ocean;;;-6.523.900.000;7.888.600.000;1.000.000.000.000;http://www.marinespecies.org/aphia.php?p=taxdetails&id=137090;Balaenoptera musculus;Animalia;Chordata;Mammalia;Cetacea;Balaenopteridae;Balaenoptera;musculus;;(Linnaeus,1758)
urn:catalog:AADC:BANZARE:BANZARE-100;13/01/2009 16.41;see http://data.aad.gov.au/metadata/records/ASAC_140;AADC;BANZARE;HumanObservation;collector identities withheld;urn:catalog:AADC:BANZARE:BANZARE-100;BANZARE-100;BANZARE Expedition crew;1;;;present;1931-01-15 11:00:00+00;1931;1;15;;Southern Ocean;Antarctica;Southern Ocean;;;-6.482.200.000;12.516.700.000;1.000.000.000.000;http://www.marinespecies.org/aphia.php?p=taxdetails&id=137090;Balaenoptera musculus;Animalia;Chordata;Mammalia;Cetacea;Balaenopteridae;Balaenoptera;musculus;;(Linnaeus,1758)
urn:catalog:AADC:BANZARE:BANZARE-101;13/01/2009 16.41;see http://data.aad.gov.au/metadata/records/ASAC_140;AADC;BANZARE;HumanObservation;collector identities withheld;urn:catalog:AADC:BANZARE:BANZARE-101;BANZARE-101;BANZARE Expedition crew;6;;;present;1931-01-15 10:00:00+00;1931;1;15;;Southern Ocean;Antarctica;Southern Ocean;;;-6.482.800.000;12.536.800.000;1.000.000.000.000;http://www.marinespecies.org/aphia.php?p=taxdetails&id=137090;Balaenoptera musculus;Animalia;Chordata;Mammalia;Cetacea;Balaenopteridae;Balaenoptera;musculus;;(Linnaeus,1758)
urn:catalog:AADC:BANZARE:BANZARE-102;13/01/2009 16.41;see http://data.aad.gov.au/metadata/records/ASAC_140;AADC;BANZARE;HumanObservation;collector identities withheld;urn:catalog:AADC:BANZARE:BANZARE-102;BANZARE-102;BANZARE Expedition crew;1;;;present;1931-01-15 22:00:00+00;1931;1;15;;Southern Ocean;Antarctica;Southern Ocean;;;-6.491.400.000;12.350.100.000;1.000.000.000.000;http://www.marinespecies.org/aphia.php?p=taxdetails&id=137090;Balaenoptera musculus;Animalia;Chordata;Mammalia;Cetacea;Balaenopteridae;Balaenoptera;musculus;;(Linnaeus,1758)
urn:catalog:AADC:BANZARE:BANZARE-103;13/01/2009 16.41;see http://data.aad.gov.au/metadata/records/ASAC_140;AADC;BANZARE;HumanObservation;collector identities withheld;urn:catalog:AADC:BANZARE:BANZARE-103;BANZARE-103;BANZARE Expedition crew;1;;;present;1931-01-16 12:00:00+00;1931;1;16;near ice-edge;Southern Ocean;Antarctica;Southern Ocean;;;-6.505.000.000;12.145.000.000;1.000.000.000.000;http://www.marinespecies.org/aphia.php?p=taxdetails&id=137090;Balaenoptera musculus;Animalia;Chordata;Mammalia;Cetacea;Balaenopteridae;Balaenoptera;musculus;;(Linnaeus,1758)
urn:catalog:AADC:BANZARE:BANZARE-104;13/01/2009 16.41;see http://data.aad.gov.au/metadata/records/ASAC_140;AADC;BANZARE;HumanObservation;collector identities withheld;urn:catalog:AADC:BANZARE:BANZARE-104;BANZARE-104;BANZARE Expedition crew;4;;;present;1931-01-16 16:40:00+00;1931;1;16;;Southern Ocean;Antarctica;Southern Ocean;;;-6.493.700.000;12.069.800.000;1.000.000.000.000;http://www.marinespecies.org/aphia.php?p=taxdetails&id=231405;Balaenoptera bonaerensis;Animalia;Chordata;Mammalia;Cetacea;Balaenopteridae;Balaenoptera;bonaerensis;;Burmeister, 1867
urn:catalog:AADC:BANZARE:BANZARE-105;13/01/2009 16.41;see http://data.aad.gov.au/metadata/records/ASAC_140;AADC;BANZARE;HumanObservation;collector identities withheld;urn:catalog:AADC:BANZARE:BANZARE-105;BANZARE-105;BANZARE Expedition crew;2;;;present;1931-01-16 16:40:00+00;1931;1;16;;Southern Ocean;Antarctica;Southern Ocean;;;-6.493.700.000;12.069.800.000;1.000.000.000.000;http://www.marinespecies.org/aphia.php?p=taxdetails&id=137090;Balaenoptera musculus;Animalia;Chordata;Mammalia;Cetacea;Balaenopteridae;Balaenoptera;musculus;;(Linnaeus,1758)
urn:catalog:AADC:BANZARE:BANZARE-106;13/01/2009 16.41;see http://data.aad.gov.au/metadata/records/ASAC_140;AADC;BANZARE;HumanObservation;collector identities withheld;urn:catalog:AADC:BANZARE:BANZARE-106;BANZARE-106;BANZARE Expedition crew;6;;;present;1931-01-16 21:00:00+00;1931;1;16;;Southern Ocean;Antarctica;Southern Ocean;;;-6.483.100.000;12.000.000.000;1.000.000.000.000;http://www.marinespecies.org/aphia.php?p=taxdetails&id=231405;Balaenoptera bonaerensis;Animalia;Chordata;Mammalia;Cetacea;Balaenopteridae;Balaenoptera;bonaerensis;;Burmeister, 1867
urn:catalog:AADC:BANZARE:BANZARE-107;13/01/2009 16.41;see http://data.aad.gov.au/metadata/records/ASAC_140;AADC;BANZARE;HumanObservation;collector identities withheld;urn:catalog:AADC:BANZARE:BANZARE-107;BANZARE-107;BANZARE Expedition crew;2;;;present;1931-01-17 02:00:00+00;1931;1;17;;Southern Ocean;Antarctica;Southern Ocean;;;-6.471.000.000;11.919.400.000;1.000.000.000.000;http://www.marinespecies.org/aphia.php?p=taxdetails&id=137090;Balaenoptera musculus;Animalia;Chordata;Mammalia;Cetacea;Balaenopteridae;Balaenoptera;musculus;;(Linnaeus,1758)
urn:catalog:AADC:BANZARE:BANZARE-108;13/01/2009 16.41;see http://data.aad.gov.au/metadata/records/ASAC_140;AADC;BANZARE;HumanObservation;collector identities withheld;urn:catalog:AADC:BANZARE:BANZARE-108;BANZARE-108;BANZARE Expedition crew;2;;;present;1931-01-17 02:00:00+00;1931;1;17;;Southern Ocean;Antarctica;Southern Ocean;;;-6.471.000.000;11.919.400.000;1.000.000.000.000;http://www.marinespecies.org/aphia.php?p=taxdetails&id=231405;Balaenoptera bonaerensis;Animalia;Chordata;Mammalia;Cetacea;Balaenopteridae;Balaenoptera;bonaerensis;;Burmeister, 1867
urn:catalog:AADC:BANZARE:BANZARE-109;13/01/2009 16.41;see http://data.aad.gov.au/metadata/records/ASAC_140;AADC;BANZARE;HumanObservation;collector identities withheld;urn:catalog:AADC:BANZARE:BANZARE-109;BANZARE-109;BANZARE Expedition crew;2;;;present;1931-01-17 16:00:00+00;1931;1;17;;Southern Ocean;Antarctica;Southern Ocean;;;-6.444.700.000;11.732.500.000;1.000.000.000.000;http://www.marinespecies.org/aphia.php?p=taxdetails&id=137090;Balaenoptera musculus;Animalia;Chordata;Mammalia;Cetacea;Balaenopteridae;Balaenoptera;musculus;;(Linnaeus,1758)
urn:catalog:AADC:BANZARE:BANZARE-11;13/01/2009 16.40;see http://data.aad.gov.au/metadata/records/ASAC_140;AADC;BANZARE;HumanObservation;collector identities withheld;urn:catalog:AADC:BANZARE:BANZARE-11;BANZARE-11;BANZARE Expedition crew;1;;;present;1929-12-17 11:00:00+00;1929;12;17;;Southern Ocean;Antarctica;Southern Ocean;;;-6.456.000.000;7.775.600.000;1.000.000.000.000;http://www.marinespecies.org/aphia.php?p=taxdetails&id=137090;Balaenoptera musculus;Animalia;Chordata;Mammalia;Cetacea;Balaenopteridae;Balaenoptera;musculus;;(Linnaeus,1758)
urn:catalog:AADC:BANZARE:BANZARE-110;13/01/2009 16.41;see http://data.aad.gov.au/metadata/records/ASAC_140;AADC;BANZARE;HumanObservation;collector identities withheld;urn:catalog:AADC:BANZARE:BANZARE-110;BANZARE-110;BANZARE Expedition crew;5;;;present;1931-01-18 09:30:00+00;1931;1;18;;Southern Ocean;Antarctica;Southern Ocean;;;-6.436.200.000;11.619.500.000;1.000.000.000.000;http://www.marinespecies.org/aphia.php?p=taxdetails&id=137090;Balaenoptera musculus;Animalia;Chordata;Mammalia;Cetacea;Balaenopteridae;Balaenoptera;musculus;;(Linnaeus,1758)
urn:catalog:AADC:BANZARE:BANZARE-111;13/01/2009 16.41;see http://data.aad.gov.au/metadata/records/ASAC_140;AADC;BANZARE;HumanObservation;collector identities withheld;urn:catalog:AADC:BANZARE:BANZARE-111;BANZARE-111;BANZARE Expedition crew;3;;;present;1931-01-18 15:00:00+00;1931;1;18;;Southern Ocean;Antarctica;Southern Ocean;;;-6.434.800.000;11.598.100.000;1.000.000.000.000;http://www.marinespecies.org/aphia.php?p=taxdetails&id=137090;Balaenoptera musculus;Animalia;Chordata;Mammalia;Cetacea;Balaenopteridae;Balaenoptera;musculus;;(Linnaeus,1758)
urn:catalog:AADC:BANZARE:BANZARE-112;13/01/2009 16.41;see http://data.aad.gov.au/metadata/records/ASAC_140;AADC;BANZARE;HumanObservation;collector identities withheld;urn:catalog:AADC:BANZARE:BANZARE-112;BANZARE-112;BANZARE Expedition crew;2;;;present;1931-01-21 18:00:00+00;1931;1;21;;Southern Ocean;Antarctica;Southern Ocean;;;-6.442.500.000;11.484.200.000;1.000.000.000.000;http://www.marinespecies.org/aphia.php?p=taxdetails&id=231405;Balaenoptera bonaerensis;Animalia;Chordata;Mammalia;Cetacea;Balaenopteridae;Balaenoptera;bonaerensis;;Burmeister, 1867
urn:catalog:AADC:BANZARE:BANZARE-113;13/01/2009 16.41;see http://data.aad.gov.au/metadata/records/ASAC_140;AADC;BANZARE;HumanObservation;collector identities withheld;urn:catalog:AADC:BANZARE:BANZARE-113;BANZARE-113;BANZARE Expedition crew;1;;;present;1931-01-21 21:00:00+00;1931;1;21;;Southern Ocean;Antarctica;Southern Ocean;;;-6.442.100.000;11.482.100.000;1.000.000.000.000;http://www.marinespecies.org/aphia.php?p=taxdetails&id=137091;Balaenoptera physalus;Animalia;Chordata;Mammalia;Cetacea;Balaenopteridae;Balaenoptera;physalus;;Linnaeus,1758
urn:catalog:AADC:BANZARE:BANZARE-114;13/01/2009 16.41;see http://data.aad.gov.au/metadata/records/ASAC_140;AADC;BANZARE;HumanObservation;collector identities withheld;urn:catalog:AADC:BANZARE:BANZARE-114;BANZARE-114;BANZARE Expedition crew;1;;;present;1931-01-22 12:00:00+00;1931;1;22;;Southern Ocean;Antarctica;Southern Ocean;;;-6.440.000.000;11.471.700.000;1.000.000.000.000;http://www.marinespecies.org/aphia.php?p=taxdetails&id=137102;Orcinus orca;Animalia;Chordata;Mammalia;Cetacea;Delphinidae;Orcinus;orca;;Linnaeus,1758
urn:catalog:AADC:BANZARE:BANZARE-115;13/01/2009 16.41;see http://data.aad.gov.au/metadata/records/ASAC_140;AADC;BANZARE;HumanObservation;collector identities withheld;urn:catalog:AADC:BANZARE:BANZARE-115;BANZARE-115;BANZARE Expedition crew;2;;;present;1931-01-24 18:00:00+00;1931;1;24;;Southern Ocean;Antarctica;Southern Ocean;;;-6.476.700.000;11.283.700.000;1.000.000.000.000;http://www.marinespecies.org/aphia.php?p=taxdetails&id=137090;Balaenoptera musculus;Animalia;Chordata;Mammalia;Cetacea;Balaenopteridae;Balaenoptera;musculus;;(Linnaeus,1758)
urn:catalog:AADC:BANZARE:BANZARE-116;13/01/2009 16.41;see http://data.aad.gov.au/metadata/records/ASAC_140;AADC;BANZARE;HumanObservation;collector identities withheld;urn:catalog:AADC:BANZARE:BANZARE-116;BANZARE-116;BANZARE Expedition crew;1;;;present;1931-01-24 19:00:00+00;1931;1;24;;Southern Ocean;Antarctica;Southern Ocean;;;-6.477.500.000;11.278.800.000;1.000.000.000.000;http://www.marinespecies.org/aphia.php?p=taxdetails&id=137090;Balaenoptera musculus;Animalia;Chordata;Mammalia;Cetacea;Balaenopteridae;Balaenoptera;musculus;;(Linnaeus,1758)
urn:catalog:AADC:BANZARE:BANZARE-117;13/01/2009 16.41;see http://data.aad.gov.au/metadata/records/ASAC_140;AADC;BANZARE;HumanObservation;collector identities withheld;urn:catalog:AADC:BANZARE:BANZARE-117;BANZARE-117;BANZARE Expedition crew;3;;;present;1931-01-25 18:00:00+00;1931;1;25;;Southern Ocean;Antarctica;Southern Ocean;;;-6.497.900.000;11.131.700.000;1.000.000.000.000;http://www.marinespecies.org/aphia.php?p=taxdetails&id=137090;Balaenoptera musculus;Animalia;Chordata;Mammalia;Cetacea;Balaenopteridae;Balaenoptera;musculus;;(Linnaeus,1758)
urn:catalog:AADC:BANZARE:BANZARE-118;13/01/2009 16.41;see http://data.aad.gov.au/metadata/records/ASAC_140;AADC;BANZARE;HumanObservation;collector identities withheld;urn:catalog:AADC:BANZARE:BANZARE-118;BANZARE-118;BANZARE Expedition crew;1;;;present;1931-01-26 09:30:00+00;1931;1;26;;Southern Ocean;Antarctica;Southern Ocean;;;-6.514.100.000;10.968.100.000;1.000.000.000.000;http://www.marinespecies.org/aphia.php?p=taxdetails&id=137090;Balaenoptera musculus;Animalia;Chordata;Mammalia;Cetacea;Balaenopteridae;Balaenoptera;musculus;;(Linnaeus,1758)
urn:catalog:AADC:BANZARE:BANZARE-119;13/01/2009 16.41;see http://data.aad.gov.au/metadata/records/ASAC_140;AADC;BANZARE;HumanObservation;collector identities withheld;urn:catalog:AADC:BANZARE:BANZARE-119;BANZARE-119;BANZARE Expedition crew;2;;;present;1931-01-26 10:00:00+00;1931;1;26;;Southern Ocean;Antarctica;Southern Ocean;;;-6.514.600.000;10.962.800.000;1.000.000.000.000;http://www.marinespecies.org/aphia.php?p=taxdetails&id=137090;Balaenoptera musculus;Animalia;Chordata;Mammalia;Cetacea;Balaenopteridae;Balaenoptera;musculus;;(Linnaeus,1758)
urn:catalog:AADC:BANZARE:BANZARE-12;13/01/2009 16.40;see http://data.aad.gov.au/metadata/records/ASAC_140;AADC;BANZARE;HumanObservation;collector identities withheld;urn:catalog:AADC:BANZARE:BANZARE-12;BANZARE-12;BANZARE Expedition crew;1;;;present;1929-12-17 11:20:00+00;1929;12;17;possble smaller blue accompanying;Southern Ocean;Antarctica;Southern Ocean;;;-6.454.600.000;7.773.200.000;1.000.000.000.000;http://www.marinespecies.org/aphia.php?p=taxdetails&id=137090;Balaenoptera musculus;Animalia;Chordata;Mammalia;Cetacea;Balaenopteridae;Balaenoptera;musculus;;(Linnaeus,1758)
urn:catalog:AADC:BANZARE:BANZARE-120;13/01/2009 16.41;see http://data.aad.gov.au/metadata/records/ASAC_140;AADC;BANZARE;HumanObservation;collector identities withheld;urn:catalog:AADC:BANZARE:BANZARE-120;BANZARE-120;BANZARE Expedition crew;4;;;present;1931-01-27 10:00:00+00;1931;1;27;;Southern Ocean;Antarctica;Southern Ocean;;;-6.512.100.000;10.753.800.000;1.000.000.000.000;http://www.marinespecies.org/aphia.php?p=taxdetails&id=137090;Balaenoptera musculus;Animalia;Chordata;Mammalia;Cetacea;Balaenopteridae;Balaenoptera;musculus;;(Linnaeus,1758)
urn:catalog:AADC:BANZARE:BANZARE-121;13/01/2009 16.41;see http://data.aad.gov.au/metadata/records/ASAC_140;AADC;BANZARE;HumanObservation;collector identities withheld;urn:catalog:AADC:BANZARE:BANZARE-121;BANZARE-121;BANZARE Expedition crew;6;;;present;1931-01-27 10:00:00+00;1931;1;27;;Southern Ocean;Antarctica;Southern Ocean;;;-6.512.100.000;10.753.800.000;1.000.000.000.000;http://www.marinespecies.org/aphia.php?p=taxdetails&id=231405;Balaenoptera bonaerensis;Animalia;Chordata;Mammalia;Cetacea;Balaenopteridae;Balaenoptera;bonaerensis;;Burmeister, 1867
urn:catalog:AADC:BANZARE:BANZARE-122;13/01/2009 16.41;see http://data.aad.gov.au/metadata/records/ASAC_140;AADC;BANZARE;HumanObservation;collector identities withheld;urn:catalog:AADC:BANZARE:BANZARE-122;BANZARE-122;BANZARE Expedition crew;;;;present;1931-01-27 11:30:00+00;1931;1;27;;Southern Ocean;Antarctica;Southern Ocean;;;-6.511.800.000;10.740.900.000;1.000.000.000.000;http://www.marinespecies.org/aphia.php?p=taxdetails&id=137091;Balaenoptera physalus;Animalia;Chordata;Mammalia;Cetacea;Balaenopteridae;Balaenoptera;physalus;;Linnaeus,1758
urn:catalog:AADC:BANZARE:BANZARE-123;13/01/2009 16.41;see http://data.aad.gov.au/metadata/records/ASAC_140;AADC;BANZARE;HumanObservation;collector identities withheld;urn:catalog:AADC:BANZARE:BANZARE-123;BANZARE-123;BANZARE Expedition crew;;;;present;1931-01-27 11:30:00+00;1931;1;27;;Southern Ocean;Antarctica;Southern Ocean;;;-6.511.800.000;10.740.900.000;1.000.000.000.000;http://www.marinespecies.org/aphia.php?p=taxdetails&id=231405;Balaenoptera bonaerensis;Animalia;Chordata;Mammalia;Cetacea;Balaenopteridae;Balaenoptera;bonaerensis;;Burmeister, 1867
urn:catalog:AADC:BANZARE:BANZARE-124;13/01/2009 16.41;see http://data.aad.gov.au/metadata/records/ASAC_140;AADC;BANZARE;HumanObservation;collector identities withheld;urn:catalog:AADC:BANZARE:BANZARE-124;BANZARE-124;BANZARE Expedition crew;1;;;present;1931-01-28 15:00:00+00;1931;1;28;;Southern Ocean;Antarctica;Southern Ocean;;;-6.469.000.000;10.321.300.000;1.000.000.000.000;http://www.marinespecies.org/aphia.php?p=taxdetails&id=137090;Balaenoptera musculus;Animalia;Chordata;Mammalia;Cetacea;Balaenopteridae;Balaenoptera;musculus;;(Linnaeus,1758)
urn:catalog:AADC:BANZARE:BANZARE-125;13/01/2009 16.41;see http://data.aad.gov.au/metadata/records/ASAC_140;AADC;BANZARE;HumanObservation;collector identities withheld;urn:catalog:AADC:BANZARE:BANZARE-125;BANZARE-125;BANZARE Expedition crew;2;;;present;1931-01-28 21:00:00+00;1931;1;28;;Southern Ocean;Antarctica;Southern Ocean;;;-6.450.200.000;10.210.400.000;1.000.000.000.000;http://www.marinespecies.org/aphia.php?p=taxdetails&id=137091;Balaenoptera physalus;Animalia;Chordata;Mammalia;Cetacea;Balaenopteridae;Balaenoptera;physalus;;Linnaeus,1758
urn:catalog:AADC:BANZARE:BANZARE-126;13/01/2009 16.41;see http://data.aad.gov.au/metadata/records/ASAC_140;AADC;BANZARE;HumanObservation;collector identities withheld;urn:catalog:AADC:BANZARE:BANZARE-126;BANZARE-126;BANZARE Expedition crew;3;;;present;1931-01-29 19:00:00+00;1931;1;29;;Southern Ocean;Antarctica;Southern Ocean;;;-6.393.100.000;9.834.200.000;1.000.000.000.000;http://www.marinespecies.org/aphia.php?p=taxdetails&id=137090;Balaenoptera musculus;Animalia;Chordata;Mammalia;Cetacea;Balaenopteridae;Balaenoptera;musculus;;(Linnaeus,1758)
urn:catalog:AADC:BANZARE:BANZARE-127;13/01/2009 16.41;see http://data.aad.gov.au/metadata/records/ASAC_140;AADC;BANZARE;HumanObservation;collector identities withheld;urn:catalog:AADC:BANZARE:BANZARE-127;BANZARE-127;BANZARE Expedition crew;1;;;present;1931-01-29 19:00:00+00;1931;1;29;;Southern Ocean;Antarctica;Southern Ocean;;;-6.393.100.000;9.834.200.000;1.000.000.000.000;http://www.marinespecies.org/aphia.php?p=taxdetails&id=137091;Balaenoptera physalus;Animalia;Chordata;Mammalia;Cetacea;Balaenopteridae;Balaenoptera;physalus;;Linnaeus,1758
urn:catalog:AADC:BANZARE:BANZARE-128;13/01/2009 16.41;see http://data.aad.gov.au/metadata/records/ASAC_140;AADC;BANZARE;HumanObservation;collector identities withheld;urn:catalog:AADC:BANZARE:BANZARE-128;BANZARE-128;BANZARE Expedition crew;3;;;present;1931-01-29 21:00:00+00;1931;1;29;;Southern Ocean;Antarctica;Southern Ocean;;;-6.390.200.000;9.805.800.000;1.000.000.000.000;http://www.marinespecies.org/aphia.php?p=taxdetails&id=137090;Balaenoptera musculus;Animalia;Chordata;Mammalia;Cetacea;Balaenopteridae;Balaenoptera;musculus;;(Linnaeus,1758)
urn:catalog:AADC:BANZARE:BANZARE-129;13/01/2009 16.41;see http://data.aad.gov.au/metadata/records/ASAC_140;AADC;BANZARE;HumanObservation;collector identities withheld;urn:catalog:AADC:BANZARE:BANZARE-129;BANZARE-129;BANZARE Expedition crew;6;;;present;1931-01-29 21:00:00+00;1931;1;29;;Southern Ocean;Antarctica;Southern Ocean;;;-6.390.200.000;9.805.800.000;1.000.000.000.000;http://www.marinespecies.org/aphia.php?p=taxdetails&id=137091;Balaenoptera physalus;Animalia;Chordata;Mammalia;Cetacea;Balaenopteridae;Balaenoptera;physalus;;Linnaeus,1758
urn:catalog:AADC:BANZARE:BANZARE-13;13/01/2009 16.40;see http://data.aad.gov.au/metadata/records/ASAC_140;AADC;BANZARE;HumanObservation;collector identities withheld;urn:catalog:AADC:BANZARE:BANZARE-13;BANZARE-13;BANZARE Expedition crew;;;;present;1929-12-17 18:30:00+00;1929;12;17;several;Southern Ocean;Antarctica;Southern Ocean;;;-6.439.500.000;7.711.900.000;1.000.000.000.000;http://www.marinespecies.org/aphia.php?p=taxdetails&id=137090;Balaenoptera musculus;Animalia;Chordata;Mammalia;Cetacea;Balaenopteridae;Balaenoptera;musculus;;(Linnaeus,1758)
urn:catalog:AADC:BANZARE:BANZARE-130;13/01/2009 16.41;see http://data.aad.gov.au/metadata/records/ASAC_140;AADC;BANZARE;HumanObservation;collector identities withheld;urn:catalog:AADC:BANZARE:BANZARE-130;BANZARE-130;BANZARE Expedition crew;1;;;present;1931-01-31 09:45:00+00;1931;1;31;;Southern Ocean;Antarctica;Southern Ocean;;;-6.424.200.000;9.611.500.000;1.000.000.000.000;http://www.marinespecies.org/aphia.php?p=taxdetails&id=137090;Balaenoptera musculus;Animalia;Chordata;Mammalia;Cetacea;Balaenopteridae;Balaenoptera;musculus;;(Linnaeus,1758)
urn:catalog:AADC:BANZARE:BANZARE-131;13/01/2009 16.41;see http://data.aad.gov.au/metadata/records/ASAC_140;AADC;BANZARE;HumanObservation;collector identities withheld;urn:catalog:AADC:BANZARE:BANZARE-131;BANZARE-131;BANZARE Expedition crew;1;;;present;1931-01-31 10:00:00+00;1931;1;31;;Southern Ocean;Antarctica;Southern Ocean;;;-6.424.900.000;9.611.700.000;1.000.000.000.000;http://www.marinespecies.org/aphia.php?p=taxdetails&id=137090;Balaenoptera musculus;Animalia;Chordata;Mammalia;Cetacea;Balaenopteridae;Balaenoptera;musculus;;(Linnaeus,1758)
urn:catalog:AADC:BANZARE:BANZARE-132;13/01/2009 16.41;see http://data.aad.gov.au/metadata/records/ASAC_140;AADC;BANZARE;HumanObservation;collector identities withheld;urn:catalog:AADC:BANZARE:BANZARE-132;BANZARE-132;BANZARE Expedition crew;1;;;present;1931-01-31 12:00:00+00;1931;1;31;;Southern Ocean;Antarctica;Southern Ocean;;;-6.430.000.000;9.613.300.000;1.000.000.000.000;http://www.marinespecies.org/aphia.php?p=taxdetails&id=231405;Balaenoptera bonaerensis;Animalia;Chordata;Mammalia;Cetacea;Balaenopteridae;Balaenoptera;bonaerensis;;Burmeister, 1867
urn:catalog:AADC:BANZARE:BANZARE-133;13/01/2009 16.41;see http://data.aad.gov.au/metadata/records/ASAC_140;AADC;BANZARE;HumanObservation;collector identities withheld;urn:catalog:AADC:BANZARE:BANZARE-133;BANZARE-133;BANZARE Expedition crew;6;;;present;1931-01-31 12:00:00+00;1931;1;31;;Southern Ocean;Antarctica;Southern Ocean;;;-6.430.000.000;9.613.300.000;1.000.000.000.000;http://www.marinespecies.org/aphia.php?p=taxdetails&id=137090;Balaenoptera musculus;Animalia;Chordata;Mammalia;Cetacea;Balaenopteridae;Balaenoptera;musculus;;(Linnaeus,1758)
urn:catalog:AADC:BANZARE:BANZARE-134;13/01/2009 16.41;see http://data.aad.gov.au/metadata/records/ASAC_140;AADC;BANZARE;HumanObservation;collector identities withheld;urn:catalog:AADC:BANZARE:BANZARE-134;BANZARE-134;BANZARE Expedition crew;2;;;present;1931-01-31 15:30:00+00;1931;1;31;;Southern Ocean;Antarctica;Southern Ocean;;;-6.438.300.000;9.555.500.000;1.000.000.000.000;http://www.marinespecies.org/aphia.php?p=taxdetails&id=137090;Balaenoptera musculus;Animalia;Chordata;Mammalia;Cetacea;Balaenopteridae;Balaenoptera;musculus;;(Linnaeus,1758)
urn:catalog:AADC:BANZARE:BANZARE-135;13/01/2009 16.41;see http://data.aad.gov.au/metadata/records/ASAC_140;AADC;BANZARE;HumanObservation;collector identities withheld;urn:catalog:AADC:BANZARE:BANZARE-135;BANZARE-135;BANZARE Expedition crew;1;;;present;1931-02-04 10:00:00+00;1931;2;4;oin ice hole;Southern Ocean;Antarctica;Southern Ocean;;;-6.544.700.000;8.865.100.000;1.000.000.000.000;http://www.marinespecies.org/aphia.php?p=taxdetails&id=231405;Balaenoptera bonaerensis;Animalia;Chordata;Mammalia;Cetacea;Balaenopteridae;Balaenoptera;bonaerensis;;Burmeister, 1867
urn:catalog:AADC:BANZARE:BANZARE-136;13/01/2009 16.41;see http://data.aad.gov.au/metadata/records/ASAC_140;AADC;BANZARE;HumanObservation;collector identities withheld;urn:catalog:AADC:BANZARE:BANZARE-136;BANZARE-136;BANZARE Expedition crew;2;;;present;1931-02-04 21:00:00+00;1931;2;4;;Southern Ocean;Antarctica;Southern Ocean;;;-6.517.100.000;8.787.500.000;1.000.000.000.000;http://www.marinespecies.org/aphia.php?p=taxdetails&id=137091;Balaenoptera physalus;Animalia;Chordata;Mammalia;Cetacea;Balaenopteridae;Balaenoptera;physalus;;Linnaeus,1758
urn:catalog:AADC:BANZARE:BANZARE-137;13/01/2009 16.41;see http://data.aad.gov.au/metadata/records/ASAC_140;AADC;BANZARE;HumanObservation;collector identities withheld;urn:catalog:AADC:BANZARE:BANZARE-137;BANZARE-137;BANZARE Expedition crew;5;;;present;1931-02-15 12:00:00+00;1931;2;15;;Southern Ocean;Antarctica;Southern Ocean;;;-6.670.000.000;6.176.700.000;1.000.000.000.000;http://www.marinespecies.org/aphia.php?p=taxdetails&id=137102;Orcinus orca;Animalia;Chordata;Mammalia;Cetacea;Delphinidae;Orcinus;orca;;Linnaeus,1758
urn:catalog:AADC:BANZARE:BANZARE-138;13/01/2009 16.41;see http://data.aad.gov.au/metadata/records/ASAC_140;AADC;BANZARE;HumanObservation;collector identities withheld;urn:catalog:AADC:BANZARE:BANZARE-138;BANZARE-138;BANZARE Expedition crew;12;;;present;1931-02-16 11:45:00+00;1931;2;16;;Southern Ocean;Antarctica;Southern Ocean;;;-6.676.600.000;6.199.800.000;1.000.000.000.000;http://www.marinespecies.org/aphia.php?p=taxdetails&id=137102;Orcinus orca;Animalia;Chordata;Mammalia;Cetacea;Delphinidae;Orcinus;orca;;Linnaeus,1758
urn:catalog:AADC:BANZARE:BANZARE-139;13/01/2009 16.41;see http://data.aad.gov.au/metadata/records/ASAC_140;AADC;BANZARE;HumanObservation;collector identities withheld;urn:catalog:AADC:BANZARE:BANZARE-139;BANZARE-139;BANZARE Expedition crew;4;;;present;1931-02-20 08:30:00+00;1931;2;20;;Southern Ocean;Antarctica;Southern Ocean;;;-6.503.400.000;6.243.800.000;1.000.000.000.000;http://www.marinespecies.org/aphia.php?p=taxdetails&id=137102;Orcinus orca;Animalia;Chordata;Mammalia;Cetacea;Delphinidae;Orcinus;orca;;Linnaeus,1758
urn:catalog:AADC:BANZARE:BANZARE-14;13/01/2009 16.40;see http://data.aad.gov.au/metadata/records/ASAC_140;AADC;BANZARE;HumanObservation;collector identities withheld;urn:catalog:AADC:BANZARE:BANZARE-14;BANZARE-14;BANZARE Expedition crew;1;;;present;1929-12-17 19:00:00+00;1929;12;17;;Southern Ocean;Antarctica;Southern Ocean;;;-6.438.500.000;7.707.600.000;1.000.000.000.000;http://www.marinespecies.org/aphia.php?p=taxdetails&id=137090;Balaenoptera musculus;Animalia;Chordata;Mammalia;Cetacea;Balaenopteridae;Balaenoptera;musculus;;(Linnaeus,1758)
urn:catalog:AADC:BANZARE:BANZARE-140;13/01/2009 16.41;see http://data.aad.gov.au/metadata/records/ASAC_140;AADC;BANZARE;HumanObservation;collector identities withheld;urn:catalog:AADC:BANZARE:BANZARE-140;BANZARE-140;BANZARE Expedition crew;6;;;present;1931-02-20 10:00:00+00;1931;2;20;;Southern Ocean;Antarctica;Southern Ocean;;;-6.492.600.000;6.249.300.000;1.000.000.000.000;http://www.marinespecies.org/aphia.php?p=taxdetails&id=137090;Balaenoptera musculus;Animalia;Chordata;Mammalia;Cetacea;Balaenopteridae;Balaenoptera;musculus;;(Linnaeus,1758)
urn:catalog:AADC:BANZARE:BANZARE-141;13/01/2009 16.41;see http://data.aad.gov.au/metadata/records/ASAC_140;AADC;BANZARE;HumanObservation;collector identities withheld;urn:catalog:AADC:BANZARE:BANZARE-141;BANZARE-141;BANZARE Expedition crew;2;;;present;1931-02-24 10:00:00+00;1931;2;24;;Southern Ocean;Antarctica;Southern Ocean;;;-6.178.500.000;6.945.000.000;1.000.000.000.000;http://www.marinespecies.org/aphia.php?p=taxdetails&id=137090;Balaenoptera musculus;Animalia;Chordata;Mammalia;Cetacea;Balaenopteridae;Balaenoptera;musculus;;(Linnaeus,1758)
urn:catalog:AADC:BANZARE:BANZARE-142;13/01/2009 16.41;see http://data.aad.gov.au/metadata/records/ASAC_140;AADC;BANZARE;HumanObservation;collector identities withheld;urn:catalog:AADC:BANZARE:BANZARE-142;BANZARE-142;BANZARE Expedition crew;1;;;present;1931-02-25 12:00:00+00;1931;2;25;;Southern Ocean;Antarctica;Southern Ocean;;;-6.090.000.000;7.463.300.000;1.000.000.000.000;http://www.marinespecies.org/aphia.php?p=taxdetails&id=137102;Orcinus orca;Animalia;Chordata;Mammalia;Cetacea;Delphinidae;Orcinus;orca;;Linnaeus,1758
urn:catalog:AADC:BANZARE:BANZARE-143;13/01/2009 16.41;see http://data.aad.gov.au/metadata/records/ASAC_140;AADC;BANZARE;HumanObservation;collector identities withheld;urn:catalog:AADC:BANZARE:BANZARE-143;BANZARE-143;BANZARE Expedition crew;2;;;present;1931-02-25 10:00:00+00;1931;2;25;;Southern Ocean;Antarctica;Southern Ocean;;;-6.097.200.000;7.420.100.000;1.000.000.000.000;http://www.marinespecies.org/aphia.php?p=taxdetails&id=137091;Balaenoptera physalus;Animalia;Chordata;Mammalia;Cetacea;Balaenopteridae;Balaenoptera;physalus;;Linnaeus,1758
urn:catalog:AADC:BANZARE:BANZARE-144;13/01/2009 16.41;see http://data.aad.gov.au/metadata/records/ASAC_140;AADC;BANZARE;HumanObservation;collector identities withheld;urn:catalog:AADC:BANZARE:BANZARE-144;BANZARE-144;BANZARE Expedition crew;1;;;present;1931-03-10 12:00:00+00;1931;3;10;;Southern Ocean;Antarctica;Southern Ocean;;;-4.850.000.000;11.685.000.000;1.000.000.000.000;http://www.marinespecies.org/aphia.php?p=taxdetails&id=137091;Balaenoptera physalus;Animalia;Chordata;Mammalia;Cetacea;Balaenopteridae;Balaenoptera;physalus;;Linnaeus,1758
urn:catalog:AADC:BANZARE:BANZARE-15;13/01/2009 16.40;see http://data.aad.gov.au/metadata/records/ASAC_140;AADC;BANZARE;HumanObservation;collector identities withheld;urn:catalog:AADC:BANZARE:BANZARE-15;BANZARE-15;BANZARE Expedition crew;1;;;present;1929-12-19 12:00:00+00;1929;12;19;;Southern Ocean;Antarctica;Southern Ocean;;;-6.565.000.000;7.413.300.000;1.000.000.000.000;http://www.marinespecies.org/aphia.php?p=taxdetails&id=137090;Balaenoptera musculus;Animalia;Chordata;Mammalia;Cetacea;Balaenopteridae;Balaenoptera;musculus;;(Linnaeus,1758)
urn:catalog:AADC:BANZARE:BANZARE-16;13/01/2009 16.40;see http://data.aad.gov.au/metadata/records/ASAC_140;AADC;BANZARE;HumanObservation;collector identities withheld;urn:catalog:AADC:BANZARE:BANZARE-16;BANZARE-16;BANZARE Expedition crew;1;;;present;1929-12-20 18:00:00+00;1929;12;20;;Southern Ocean;Antarctica;Southern Ocean;;;-6.623.300.000;7.363.800.000;1.000.000.000.000;http://www.marinespecies.org/aphia.php?p=taxdetails&id=137090;Balaenoptera musculus;Animalia;Chordata;Mammalia;Cetacea;Balaenopteridae;Balaenoptera;musculus;;(Linnaeus,1758)
urn:catalog:AADC:BANZARE:BANZARE-17;13/01/2009 16.40;see http://data.aad.gov.au/metadata/records/ASAC_140;AADC;BANZARE;HumanObservation;collector identities withheld;urn:catalog:AADC:BANZARE:BANZARE-17;BANZARE-17;BANZARE Expedition crew;2;;;present;1929-12-29 17:00:00+00;1929;12;29;with orca;Southern Ocean;Antarctica;Southern Ocean;;;-6.519.000.000;6.743.500.000;1.000.000.000.000;http://www.marinespecies.org/aphia.php?p=taxdetails&id=137088;Balaenoptera borealis;Animalia;Chordata;Mammalia;Cetacea;Balaenopteridae;Balaenoptera;borealis;;Lesson,1828
urn:catalog:AADC:BANZARE:BANZARE-18;13/01/2009 16.40;see http://data.aad.gov.au/metadata/records/ASAC_140;AADC;BANZARE;HumanObservation;collector identities withheld;urn:catalog:AADC:BANZARE:BANZARE-18;BANZARE-18;BANZARE Expedition crew;1;;;present;1929-12-30 15:30:00+00;1929;12;30;;Southern Ocean;Antarctica;Southern Ocean;;;-6.562.600.000;6.565.100.000;1.000.000.000.000;http://www.marinespecies.org/aphia.php?p=taxdetails&id=137090;Balaenoptera musculus;Animalia;Chordata;Mammalia;Cetacea;Balaenopteridae;Balaenoptera;musculus;;(Linnaeus,1758)
urn:catalog:AADC:BANZARE:BANZARE-19;13/01/2009 16.40;see http://data.aad.gov.au/metadata/records/ASAC_140;AADC;BANZARE;HumanObservation;collector identities withheld;urn:catalog:AADC:BANZARE:BANZARE-19;BANZARE-19;BANZARE Expedition crew;2;;;present;1930-01-04 20:30:00+00;1930;1;4;;Southern Ocean;Antarctica;Southern Ocean;;;-6.655.400.000;6.125.200.000;1.000.000.000.000;http://www.marinespecies.org/aphia.php?p=taxdetails&id=137090;Balaenoptera musculus;Animalia;Chordata;Mammalia;Cetacea;Balaenopteridae;Balaenoptera;musculus;;(Linnaeus,1758)
urn:catalog:AADC:BANZARE:BANZARE-2;13/01/2009 16.40;see http://data.aad.gov.au/metadata/records/ASAC_140;AADC;BANZARE;HumanObservation;collector identities withheld;urn:catalog:AADC:BANZARE:BANZARE-2;BANZARE-2;BANZARE Expedition crew;1;;;present;1929-12-11 21:00:00+00;1929;12;11;;Southern Ocean;Antarctica;Southern Ocean;;;-6.484.200.000;7.948.500.000;1.000.000.000.000;http://www.marinespecies.org/aphia.php?p=taxdetails&id=137090;Balaenoptera musculus;Animalia;Chordata;Mammalia;Cetacea;Balaenopteridae;Balaenoptera;musculus;;(Linnaeus,1758)
urn:catalog:AADC:BANZARE:BANZARE-20;13/01/2009 16.40;see http://data.aad.gov.au/metadata/records/ASAC_140;AADC;BANZARE;HumanObservation;collector identities withheld;urn:catalog:AADC:BANZARE:BANZARE-20;BANZARE-20;BANZARE Expedition crew;4;;;present;1930-01-12 04:30:00+00;1930;1;12;;Southern Ocean;Antarctica;Southern Ocean;;;-6.621.100.000;5.849.800.000;1.000.000.000.000;http://www.marinespecies.org/aphia.php?p=taxdetails&id=137090;Balaenoptera musculus;Animalia;Chordata;Mammalia;Cetacea;Balaenopteridae;Balaenoptera;musculus;;(Linnaeus,1758)
urn:catalog:AADC:BANZARE:BANZARE-21;13/01/2009 16.40;see http://data.aad.gov.au/metadata/records/ASAC_140;AADC;BANZARE;HumanObservation;collector identities withheld;urn:catalog:AADC:BANZARE:BANZARE-21;BANZARE-21;BANZARE Expedition crew;1;;;present;1930-01-12 09:00:00+00;1930;1;12;;Southern Ocean;Antarctica;Southern Ocean;;;-6.611.500.000;5.802.900.000;1.000.000.000.000;http://www.marinespecies.org/aphia.php?p=taxdetails&id=137090;Balaenoptera musculus;Animalia;Chordata;Mammalia;Cetacea;Balaenopteridae;Balaenoptera;musculus;;(Linnaeus,1758)
urn:catalog:AADC:BANZARE:BANZARE-22;13/01/2009 16.40;see http://data.aad.gov.au/metadata/records/ASAC_140;AADC;BANZARE;HumanObservation;collector identities withheld;urn:catalog:AADC:BANZARE:BANZARE-22;BANZARE-22;BANZARE Expedition crew;3;;;present;1930-01-12 13:15:00+00;1930;1;12;;Southern Ocean;Antarctica;Southern Ocean;;;-6.603.900.000;5.750.300.000;1.000.000.000.000;http://www.marinespecies.org/aphia.php?p=taxdetails&id=137090;Balaenoptera musculus;Animalia;Chordata;Mammalia;Cetacea;Balaenopteridae;Balaenoptera;musculus;;(Linnaeus,1758)
urn:catalog:AADC:BANZARE:BANZARE-23;13/01/2009 16.40;see http://data.aad.gov.au/metadata/records/ASAC_140;AADC;BANZARE;HumanObservation;collector identities withheld;urn:catalog:AADC:BANZARE:BANZARE-23;BANZARE-23;BANZARE Expedition crew;1;;;present;1930-01-12 13:20:00+00;1930;1;12;;Southern Ocean;Antarctica;Southern Ocean;;;-6.603.800.000;5.748.900.000;1.000.000.000.000;http://www.marinespecies.org/aphia.php?p=taxdetails&id=137090;Balaenoptera musculus;Animalia;Chordata;Mammalia;Cetacea;Balaenopteridae;Balaenoptera;musculus;;(Linnaeus,1758)
urn:catalog:AADC:BANZARE:BANZARE-24;13/01/2009 16.40;see http://data.aad.gov.au/metadata/records/ASAC_140;AADC;BANZARE;HumanObservation;collector identities withheld;urn:catalog:AADC:BANZARE:BANZARE-24;BANZARE-24;BANZARE Expedition crew;1;;;present;1930-01-12 14:30:00+00;1930;1;12;;Southern Ocean;Antarctica;Southern Ocean;;;-6.602.700.000;5.729.000.000;1.000.000.000.000;http://www.marinespecies.org/aphia.php?p=taxdetails&id=137090;Balaenoptera musculus;Animalia;Chordata;Mammalia;Cetacea;Balaenopteridae;Balaenoptera;musculus;;(Linnaeus,1758)
urn:catalog:AADC:BANZARE:BANZARE-25;13/01/2009 16.40;see http://data.aad.gov.au/metadata/records/ASAC_140;AADC;BANZARE;HumanObservation;collector identities withheld;urn:catalog:AADC:BANZARE:BANZARE-25;BANZARE-25;BANZARE Expedition crew;2;;;present;1930-01-13 21:00:00+00;1930;1;13;;Southern Ocean;Antarctica;Southern Ocean;;;-6.597.100.000;5.201.700.000;1.000.000.000.000;http://www.marinespecies.org/aphia.php?p=taxdetails&id=137090;Balaenoptera musculus;Animalia;Chordata;Mammalia;Cetacea;Balaenopteridae;Balaenoptera;musculus;;(Linnaeus,1758)
urn:catalog:AADC:BANZARE:BANZARE-26;13/01/2009 16.40;see http://data.aad.gov.au/metadata/records/ASAC_140;AADC;BANZARE;HumanObservation;collector identities withheld;urn:catalog:AADC:BANZARE:BANZARE-26;BANZARE-26;BANZARE Expedition crew;1;;;present;1930-01-14 11:00:00+00;1930;1;14;;Southern Ocean;Antarctica;Southern Ocean;;;-6.618.500.000;4.952.800.000;1.000.000.000.000;http://www.marinespecies.org/aphia.php?p=taxdetails&id=137090;Balaenoptera musculus;Animalia;Chordata;Mammalia;Cetacea;Balaenopteridae;Balaenoptera;musculus;;(Linnaeus,1758)
urn:catalog:AADC:BANZARE:BANZARE-27;13/01/2009 16.40;see http://data.aad.gov.au/metadata/records/ASAC_140;AADC;BANZARE;HumanObservation;collector identities withheld;urn:catalog:AADC:BANZARE:BANZARE-27;BANZARE-27;BANZARE Expedition crew;1;;;present;1930-01-14 11:40:00+00;1930;1;14;;Southern Ocean;Antarctica;Southern Ocean;;;-6.619.500.000;4.940.900.000;1.000.000.000.000;http://www.marinespecies.org/aphia.php?p=taxdetails&id=137090;Balaenoptera musculus;Animalia;Chordata;Mammalia;Cetacea;Balaenopteridae;Balaenoptera;musculus;;(Linnaeus,1758)
urn:catalog:AADC:BANZARE:BANZARE-28;13/01/2009 16.40;see http://data.aad.gov.au/metadata/records/ASAC_140;AADC;BANZARE;HumanObservation;collector identities withheld;urn:catalog:AADC:BANZARE:BANZARE-28;BANZARE-28;BANZARE Expedition crew;1;;;present;1930-01-14 13:00:00+00;1930;1;14;;Southern Ocean;Antarctica;Southern Ocean;;;-6.621.600.000;4.918.400.000;1.000.000.000.000;http://www.marinespecies.org/aphia.php?p=taxdetails&id=137090;Balaenoptera musculus;Animalia;Chordata;Mammalia;Cetacea;Balaenopteridae;Balaenoptera;musculus;;(Linnaeus,1758)
urn:catalog:AADC:BANZARE:BANZARE-29;13/01/2009 16.40;see http://data.aad.gov.au/metadata/records/ASAC_140;AADC;BANZARE;HumanObservation;collector identities withheld;urn:catalog:AADC:BANZARE:BANZARE-29;BANZARE-29;BANZARE Expedition crew;2;;;present;1930-01-14 14:30:00+00;1930;1;14;;Southern Ocean;Antarctica;Southern Ocean;;;-6.624.000.000;4.893.500.000;1.000.000.000.000;http://www.marinespecies.org/aphia.php?p=taxdetails&id=137090;Balaenoptera musculus;Animalia;Chordata;Mammalia;Cetacea;Balaenopteridae;Balaenoptera;musculus;;(Linnaeus,1758)
urn:catalog:AADC:BANZARE:BANZARE-3;13/01/2009 16.40;see http://data.aad.gov.au/metadata/records/ASAC_140;AADC;BANZARE;HumanObservation;collector identities withheld;urn:catalog:AADC:BANZARE:BANZARE-3;BANZARE-3;BANZARE Expedition crew;1;;;present;1929-12-12 11:00:00+00;1929;12;12;;Southern Ocean;Antarctica;Southern Ocean;;;-6.526.900.000;8.029.200.000;1.000.000.000.000;http://www.marinespecies.org/aphia.php?p=taxdetails&id=137090;Balaenoptera musculus;Animalia;Chordata;Mammalia;Cetacea;Balaenopteridae;Balaenoptera;musculus;;(Linnaeus,1758)
urn:catalog:AADC:BANZARE:BANZARE-30;13/01/2009 16.40;see http://data.aad.gov.au/metadata/records/ASAC_140;AADC;BANZARE;HumanObservation;collector identities withheld;urn:catalog:AADC:BANZARE:BANZARE-30;BANZARE-30;BANZARE Expedition crew;1;;;present;1930-01-14 14:50:00+00;1930;1;14;;Southern Ocean;Antarctica;Southern Ocean;;;-6.624.500.000;4.888.000.000;1.000.000.000.000;http://www.marinespecies.org/aphia.php?p=taxdetails&id=137090;Balaenoptera musculus;Animalia;Chordata;Mammalia;Cetacea;Balaenopteridae;Balaenoptera;musculus;;(Linnaeus,1758)
urn:catalog:AADC:BANZARE:BANZARE-31;13/01/2009 16.40;see http://data.aad.gov.au/metadata/records/ASAC_140;AADC;BANZARE;HumanObservation;collector identities withheld;urn:catalog:AADC:BANZARE:BANZARE-31;BANZARE-31;BANZARE Expedition crew;2;;;present;1930-01-14 16:40:00+00;1930;1;14;in pack ice;Southern Ocean;Antarctica;Southern Ocean;;;-6.627.500.000;4.857.500.000;1.000.000.000.000;http://www.marinespecies.org/aphia.php?p=taxdetails&id=137090;Balaenoptera musculus;Animalia;Chordata;Mammalia;Cetacea;Balaenopteridae;Balaenoptera;musculus;;(Linnaeus,1758)
urn:catalog:AADC:BANZARE:BANZARE-32;13/01/2009 16.40;see http://data.aad.gov.au/metadata/records/ASAC_140;AADC;BANZARE;HumanObservation;collector identities withheld;urn:catalog:AADC:BANZARE:BANZARE-32;BANZARE-32;BANZARE Expedition crew;2;;;present;1930-01-14 20:20:00+00;1930;1;14;;Southern Ocean;Antarctica;Southern Ocean;;;-6.633.300.000;4.796.700.000;1.000.000.000.000;http://www.marinespecies.org/aphia.php?p=taxdetails&id=137090;Balaenoptera musculus;Animalia;Chordata;Mammalia;Cetacea;Balaenopteridae;Balaenoptera;musculus;;(Linnaeus,1758)
urn:catalog:AADC:BANZARE:BANZARE-33;13/01/2009 16.40;see http://data.aad.gov.au/metadata/records/ASAC_140;AADC;BANZARE;HumanObservation;collector identities withheld;urn:catalog:AADC:BANZARE:BANZARE-33;BANZARE-33;BANZARE Expedition crew;3;;;present;1930-01-15 08:30:00+00;1930;1;15;near pack ice;Southern Ocean;Antarctica;Southern Ocean;;;-6.652.700.000;4.594.800.000;1.000.000.000.000;http://www.marinespecies.org/aphia.php?p=taxdetails&id=137090;Balaenoptera musculus;Animalia;Chordata;Mammalia;Cetacea;Balaenopteridae;Balaenoptera;musculus;;(Linnaeus,1758)
urn:catalog:AADC:BANZARE:BANZARE-34;13/01/2009 16.40;see http://data.aad.gov.au/metadata/records/ASAC_140;AADC;BANZARE;HumanObservation;collector identities withheld;urn:catalog:AADC:BANZARE:BANZARE-34;BANZARE-34;BANZARE Expedition crew;5;;;present;1930-01-15 11:00:00+00;1930;1;15;alongside pack ice;Southern Ocean;Antarctica;Southern Ocean;;;-6.656.700.000;4.553.300.000;1.000.000.000.000;http://www.marinespecies.org/aphia.php?p=taxdetails&id=137090;Balaenoptera musculus;Animalia;Chordata;Mammalia;Cetacea;Balaenopteridae;Balaenoptera;musculus;;(Linnaeus,1758)
urn:catalog:AADC:BANZARE:BANZARE-35;13/01/2009 16.40;see http://data.aad.gov.au/metadata/records/ASAC_140;AADC;BANZARE;HumanObservation;collector identities withheld;urn:catalog:AADC:BANZARE:BANZARE-35;BANZARE-35;BANZARE Expedition crew;1;;;present;1930-01-15 11:30:00+00;1930;1;15;in brash ice;Southern Ocean;Antarctica;Southern Ocean;;;-6.657.500.000;4.545.000.000;1.000.000.000.000;http://www.marinespecies.org/aphia.php?p=taxdetails&id=137090;Balaenoptera musculus;Animalia;Chordata;Mammalia;Cetacea;Balaenopteridae;Balaenoptera;musculus;;(Linnaeus,1758)
urn:catalog:AADC:BANZARE:BANZARE-36;13/01/2009 16.40;see http://data.aad.gov.au/metadata/records/ASAC_140;AADC;BANZARE;HumanObservation;collector identities withheld;urn:catalog:AADC:BANZARE:BANZARE-36;BANZARE-36;BANZARE Expedition crew;1;;;present;1930-01-16 03:00:00+00;1930;1;16;being attacked by 2 orcas;Southern Ocean;Antarctica;Southern Ocean;;;-6.634.400.000;4.713.800.000;1.000.000.000.000;http://www.marinespecies.org/aphia.php?p=taxdetails&id=137090;Balaenoptera musculus;Animalia;Chordata;Mammalia;Cetacea;Balaenopteridae;Balaenoptera;musculus;;(Linnaeus,1758)
urn:catalog:AADC:BANZARE:BANZARE-37;13/01/2009 16.40;see http://data.aad.gov.au/metadata/records/ASAC_140;AADC;BANZARE;HumanObservation;collector identities withheld;urn:catalog:AADC:BANZARE:BANZARE-37;BANZARE-37;BANZARE Expedition crew;1;;;present;1930-01-16 08:30:00+00;1930;1;16;blowing;Southern Ocean;Antarctica;Southern Ocean;;;-6.625.600.000;4.778.700.000;1.000.000.000.000;http://www.marinespecies.org/aphia.php?p=taxdetails&id=137090;Balaenoptera musculus;Animalia;Chordata;Mammalia;Cetacea;Balaenopteridae;Balaenoptera;musculus;;(Linnaeus,1758)
urn:catalog:AADC:BANZARE:BANZARE-38;13/01/2009 16.40;see http://data.aad.gov.au/metadata/records/ASAC_140;AADC;BANZARE;HumanObservation;collector identities withheld;urn:catalog:AADC:BANZARE:BANZARE-38;BANZARE-38;BANZARE Expedition crew;1;;;present;1930-01-16 13:00:00+00;1930;1;16;blowing;Southern Ocean;Antarctica;Southern Ocean;;;-6.619.900.000;4.824.900.000;1.000.000.000.000;http://www.marinespecies.org/aphia.php?p=taxdetails&id=137090;Balaenoptera musculus;Animalia;Chordata;Mammalia;Cetacea;Balaenopteridae;Balaenoptera;musculus;;(Linnaeus,1758)
urn:catalog:AADC:BANZARE:BANZARE-39;13/01/2009 16.40;see http://data.aad.gov.au/metadata/records/ASAC_140;AADC;BANZARE;HumanObservation;collector identities withheld;urn:catalog:AADC:BANZARE:BANZARE-39;BANZARE-39;BANZARE Expedition crew;2;;;present;1930-01-16 15:00:00+00;1930;1;16;near pack ice;Southern Ocean;Antarctica;Southern Ocean;;;-6.619.800.000;4.834.800.000;1.000.000.000.000;http://www.marinespecies.org/aphia.php?p=taxdetails&id=137090;Balaenoptera musculus;Animalia;Chordata;Mammalia;Cetacea;Balaenopteridae;Balaenoptera;musculus;;(Linnaeus,1758)
urn:catalog:AADC:BANZARE:BANZARE-4;13/01/2009 16.40;see http://data.aad.gov.au/metadata/records/ASAC_140;AADC;BANZARE;HumanObservation;collector identities withheld;urn:catalog:AADC:BANZARE:BANZARE-4;BANZARE-4;BANZARE Expedition crew;1;;;present;1929-12-13 03:00:00+00;1929;12;13;;Southern Ocean;Antarctica;Southern Ocean;;;-6.516.500.000;8.076.700.000;1.000.000.000.000;http://www.marinespecies.org/aphia.php?p=taxdetails&id=137090;Balaenoptera musculus;Animalia;Chordata;Mammalia;Cetacea;Balaenopteridae;Balaenoptera;musculus;;(Linnaeus,1758)
urn:catalog:AADC:BANZARE:BANZARE-40;13/01/2009 16.40;see http://data.aad.gov.au/metadata/records/ASAC_140;AADC;BANZARE;HumanObservation;collector identities withheld;urn:catalog:AADC:BANZARE:BANZARE-40;BANZARE-40;BANZARE Expedition crew;2;;;present;1930-01-16 15:15:00+00;1930;1;16;close to ice-edge;Southern Ocean;Antarctica;Southern Ocean;;;-6.619.800.000;4.836.000.000;1.000.000.000.000;http://www.marinespecies.org/aphia.php?p=taxdetails&id=137090;Balaenoptera musculus;Animalia;Chordata;Mammalia;Cetacea;Balaenopteridae;Balaenoptera;musculus;;(Linnaeus,1758)
urn:catalog:AADC:BANZARE:BANZARE-41;13/01/2009 16.40;see http://data.aad.gov.au/metadata/records/ASAC_140;AADC;BANZARE;HumanObservation;collector identities withheld;urn:catalog:AADC:BANZARE:BANZARE-41;BANZARE-41;BANZARE Expedition crew;2;;;present;1930-01-17 18:00:00+00;1930;1;17;travelling south-west;Southern Ocean;Antarctica;Southern Ocean;;;-6.619.600.000;4.938.700.000;1.000.000.000.000;http://www.marinespecies.org/aphia.php?p=taxdetails&id=137090;Balaenoptera musculus;Animalia;Chordata;Mammalia;Cetacea;Balaenopteridae;Balaenoptera;musculus;;(Linnaeus,1758)
urn:catalog:AADC:BANZARE:BANZARE-42;13/01/2009 16.40;see http://data.aad.gov.au/metadata/records/ASAC_140;AADC;BANZARE;HumanObservation;collector identities withheld;urn:catalog:AADC:BANZARE:BANZARE-42;BANZARE-42;BANZARE Expedition crew;2;;;present;1930-01-21 20:15:00+00;1930;1;21;;Southern Ocean;Antarctica;Southern Ocean;;;-6.666.100.000;4.472.700.000;1.000.000.000.000;http://www.marinespecies.org/aphia.php?p=taxdetails&id=137090;Balaenoptera musculus;Animalia;Chordata;Mammalia;Cetacea;Balaenopteridae;Balaenoptera;musculus;;(Linnaeus,1758)
urn:catalog:AADC:BANZARE:BANZARE-43;13/01/2009 16.40;see http://data.aad.gov.au/metadata/records/ASAC_140;AADC;BANZARE;HumanObservation;collector identities withheld;urn:catalog:AADC:BANZARE:BANZARE-43;BANZARE-43;BANZARE Expedition crew;6;;;present;1930-01-22 15:00:00+00;1930;1;22;slow going east;Southern Ocean;Antarctica;Southern Ocean;;;-6.658.100.000;4.698.300.000;1.000.000.000.000;http://www.marinespecies.org/aphia.php?p=taxdetails&id=137090;Balaenoptera musculus;Animalia;Chordata;Mammalia;Cetacea;Balaenopteridae;Balaenoptera;musculus;;(Linnaeus,1758)
urn:catalog:AADC:BANZARE:BANZARE-44;13/01/2009 16.40;see http://data.aad.gov.au/metadata/records/ASAC_140;AADC;BANZARE;HumanObservation;collector identities withheld;urn:catalog:AADC:BANZARE:BANZARE-44;BANZARE-44;BANZARE Expedition crew;2;;;present;1930-01-23 09:00:00+00;1930;1;23;;Southern Ocean;Antarctica;Southern Ocean;;;-6.616.900.000;5.028.300.000;1.000.000.000.000;http://www.marinespecies.org/aphia.php?p=taxdetails&id=137090;Balaenoptera musculus;Animalia;Chordata;Mammalia;Cetacea;Balaenopteridae;Balaenoptera;musculus;;(Linnaeus,1758)
urn:catalog:AADC:BANZARE:BANZARE-45;13/01/2009 16.40;see http://data.aad.gov.au/metadata/records/ASAC_140;AADC;BANZARE;HumanObservation;collector identities withheld;urn:catalog:AADC:BANZARE:BANZARE-45;BANZARE-45;BANZARE Expedition crew;8;;;present;1930-01-08 07:30:00+00;1930;1;8;;Southern Ocean;Antarctica;Southern Ocean;;;-6.625.100.000;5.838.500.000;1.000.000.000.000;http://www.marinespecies.org/aphia.php?p=taxdetails&id=137102;Orcinus orca;Animalia;Chordata;Mammalia;Cetacea;Delphinidae;Orcinus;orca;;Linnaeus,1758
urn:catalog:AADC:BANZARE:BANZARE-46;13/01/2009 16.40;see http://data.aad.gov.au/metadata/records/ASAC_140;AADC;BANZARE;HumanObservation;collector identities withheld;urn:catalog:AADC:BANZARE:BANZARE-46;BANZARE-46;BANZARE Expedition crew;40;;;present;1930-01-11 22:30:00+00;1930;1;11;;Southern Ocean;Antarctica;Southern Ocean;;;-6.634.100.000;5.912.300.000;1.000.000.000.000;http://www.marinespecies.org/aphia.php?p=taxdetails&id=137102;Orcinus orca;Animalia;Chordata;Mammalia;Cetacea;Delphinidae;Orcinus;orca;;Linnaeus,1758
urn:catalog:AADC:BANZARE:BANZARE-47;13/01/2009 16.40;see http://data.aad.gov.au/metadata/records/ASAC_140;AADC;BANZARE;HumanObservation;collector identities withheld;urn:catalog:AADC:BANZARE:BANZARE-47;BANZARE-47;BANZARE Expedition crew;1;;;present;1930-01-07 16:15:00+00;1930;1;7;;Southern Ocean;Antarctica;Southern Ocean;;;-6.636.800.000;5.895.700.000;1.000.000.000.000;http://www.marinespecies.org/aphia.php?p=taxdetails&id=231405;Balaenoptera bonaerensis;Animalia;Chordata;Mammalia;Cetacea;Balaenopteridae;Balaenoptera;bonaerensis;;Burmeister, 1867
urn:catalog:AADC:BANZARE:BANZARE-48;13/01/2009 16.40;see http://data.aad.gov.au/metadata/records/ASAC_140;AADC;BANZARE;HumanObservation;collector identities withheld;urn:catalog:AADC:BANZARE:BANZARE-48;BANZARE-48;BANZARE Expedition crew;1;;;present;1929-10-21 17:30:00+00;1929;10;21;;Southern Ocean;Antarctica;Southern Ocean;;;-3.694.700.000;1.966.900.000;1.000.000.000.000;http://www.marinespecies.org/aphia.php?p=taxdetails&id=137091;Balaenoptera physalus;Animalia;Chordata;Mammalia;Cetacea;Balaenopteridae;Balaenoptera;physalus;;Linnaeus,1758
urn:catalog:AADC:BANZARE:BANZARE-49;13/01/2009 16.40;see http://data.aad.gov.au/metadata/records/ASAC_140;AADC;BANZARE;HumanObservation;collector identities withheld;urn:catalog:AADC:BANZARE:BANZARE-49;BANZARE-49;BANZARE Expedition crew;12;;;present;1929-10-26 08:30:00+00;1929;10;26;;Southern Ocean;Antarctica;Southern Ocean;;;-4.032.800.000;2.760.500.000;1.000.000.000.000;http://www.marinespecies.org/aphia.php?p=taxdetails&id=137097;Globicephala melas;Animalia;Chordata;Mammalia;Cetacea;Delphinidae;Globicephala;melas;;Traill,1809
urn:catalog:AADC:BANZARE:BANZARE-5;13/01/2009 16.40;see http://data.aad.gov.au/metadata/records/ASAC_140;AADC;BANZARE;HumanObservation;collector identities withheld;urn:catalog:AADC:BANZARE:BANZARE-5;BANZARE-5;BANZARE Expedition crew;2;;;present;1929-12-14 10:30:00+00;1929;12;14;in pack ice;Southern Ocean;Antarctica;Southern Ocean;;;-6.520.800.000;8.089.200.000;1.000.000.000.000;http://www.marinespecies.org/aphia.php?p=taxdetails&id=137090;Balaenoptera musculus;Animalia;Chordata;Mammalia;Cetacea;Balaenopteridae;Balaenoptera;musculus;;(Linnaeus,1758)
urn:catalog:AADC:BANZARE:BANZARE-50;13/01/2009 16.40;see http://data.aad.gov.au/metadata/records/ASAC_140;AADC;BANZARE;HumanObservation;collector identities withheld;urn:catalog:AADC:BANZARE:BANZARE-50;BANZARE-50;BANZARE Expedition crew;6;;;present;1929-10-27 13:30:00+00;1929;10;27;;Southern Ocean;Antarctica;Southern Ocean;;;-4.138.600.000;3.107.300.000;1.000.000.000.000;http://www.marinespecies.org/aphia.php?p=taxdetails&id=137091;Balaenoptera physalus;Animalia;Chordata;Mammalia;Cetacea;Balaenopteridae;Balaenoptera;physalus;;Linnaeus,1758
urn:catalog:AADC:BANZARE:BANZARE-51;13/01/2009 16.40;see http://data.aad.gov.au/metadata/records/ASAC_140;AADC;BANZARE;HumanObservation;collector identities withheld;urn:catalog:AADC:BANZARE:BANZARE-51;BANZARE-51;BANZARE Expedition crew;2;;;present;1929-11-03 19:00:00+00;1929;11;3;;Southern Ocean;Antarctica;Southern Ocean;;;-4.635.300.000;5.174.000.000;1.000.000.000.000;http://www.marinespecies.org/aphia.php?p=taxdetails&id=137102;Orcinus orca;Animalia;Chordata;Mammalia;Cetacea;Delphinidae;Orcinus;orca;;Linnaeus,1758
urn:catalog:AADC:BANZARE:BANZARE-52;13/01/2009 16.40;see http://data.aad.gov.au/metadata/records/ASAC_140;AADC;BANZARE;HumanObservation;collector identities withheld;urn:catalog:AADC:BANZARE:BANZARE-52;BANZARE-52;BANZARE Expedition crew;5;;;present;1929-11-12 12:00:00+00;1929;11;12;;Southern Ocean;Antarctica;Southern Ocean;;;-4.946.700.000;7.038.300.000;1.000.000.000.000;http://www.marinespecies.org/aphia.php?p=taxdetails&id=231405;Balaenoptera bonaerensis;Animalia;Chordata;Mammalia;Cetacea;Balaenopteridae;Balaenoptera;bonaerensis;;Burmeister, 1867
urn:catalog:AADC:BANZARE:BANZARE-53;13/01/2009 16.40;see http://data.aad.gov.au/metadata/records/ASAC_140;AADC;BANZARE;HumanObservation;collector identities withheld;urn:catalog:AADC:BANZARE:BANZARE-53;BANZARE-53;BANZARE Expedition crew;1;;;present;1929-11-16 12:00:00+00;1929;11;16;;Southern Ocean;Antarctica;Southern Ocean;;;-4.950.000.000;7.016.700.000;1.000.000.000.000;http://www.marinespecies.org/aphia.php?p=taxdetails&id=137102;Orcinus orca;Animalia;Chordata;Mammalia;Cetacea;Delphinidae;Orcinus;orca;;Linnaeus,1758
urn:catalog:AADC:BANZARE:BANZARE-54;13/01/2009 16.40;see http://data.aad.gov.au/metadata/records/ASAC_140;AADC;BANZARE;HumanObservation;collector identities withheld;urn:catalog:AADC:BANZARE:BANZARE-54;BANZARE-54;BANZARE Expedition crew;1;;;present;1929-12-05 12:00:00+00;1929;12;5;;Southern Ocean;Antarctica;Southern Ocean;;;-5.551.700.000;7.791.700.000;1.000.000.000.000;http://www.marinespecies.org/aphia.php?p=taxdetails&id=137091;Balaenoptera physalus;Animalia;Chordata;Mammalia;Cetacea;Balaenopteridae;Balaenoptera;physalus;;Linnaeus,1758
urn:catalog:AADC:BANZARE:BANZARE-55;13/01/2009 16.40;see http://data.aad.gov.au/metadata/records/ASAC_140;AADC;BANZARE;HumanObservation;collector identities withheld;urn:catalog:AADC:BANZARE:BANZARE-55;BANZARE-55;BANZARE Expedition crew;;;;present;1929-12-16 08:30:00+00;1929;12;16;;Southern Ocean;Antarctica;Southern Ocean;;;-6.553.000.000;7.961.300.000;1.000.000.000.000;http://www.marinespecies.org/aphia.php?p=taxdetails&id=231405;Balaenoptera bonaerensis;Animalia;Chordata;Mammalia;Cetacea;Balaenopteridae;Balaenoptera;bonaerensis;;Burmeister, 1867
urn:catalog:AADC:BANZARE:BANZARE-56;13/01/2009 16.40;see http://data.aad.gov.au/metadata/records/ASAC_140;AADC;BANZARE;HumanObservation;collector identities withheld;urn:catalog:AADC:BANZARE:BANZARE-56;BANZARE-56;BANZARE Expedition crew;;;;present;1929-12-16 20:30:00+00;1929;12;16;;Southern Ocean;Antarctica;Southern Ocean;;;-6.519.500.000;7.881.400.000;1.000.000.000.000;http://www.marinespecies.org/aphia.php?p=taxdetails&id=231405;Balaenoptera bonaerensis;Animalia;Chordata;Mammalia;Cetacea;Balaenopteridae;Balaenoptera;bonaerensis;;Burmeister, 1867
urn:catalog:AADC:BANZARE:BANZARE-57;13/01/2009 16.40;see http://data.aad.gov.au/metadata/records/ASAC_140;AADC;BANZARE;HumanObservation;collector identities withheld;urn:catalog:AADC:BANZARE:BANZARE-57;BANZARE-57;BANZARE Expedition crew;1;;;present;1929-12-17 06:00:00+00;1929;12;17;;Southern Ocean;Antarctica;Southern Ocean;;;-6.477.900.000;7.812.100.000;1.000.000.000.000;http://www.marinespecies.org/aphia.php?p=taxdetails&id=137102;Orcinus orca;Animalia;Chordata;Mammalia;Cetacea;Delphinidae;Orcinus;orca;;Linnaeus,1758
urn:catalog:AADC:BANZARE:BANZARE-58;13/01/2009 16.40;see http://data.aad.gov.au/metadata/records/ASAC_140;AADC;BANZARE;HumanObservation;collector identities withheld;urn:catalog:AADC:BANZARE:BANZARE-58;BANZARE-58;BANZARE Expedition crew;4;;;present;1929-12-17 15:30:00+00;1929;12;17;;Southern Ocean;Antarctica;Southern Ocean;;;-6.445.100.000;7.738.000.000;1.000.000.000.000;http://www.marinespecies.org/aphia.php?p=taxdetails&id=137090;Balaenoptera musculus;Animalia;Chordata;Mammalia;Cetacea;Balaenopteridae;Balaenoptera;musculus;;(Linnaeus,1758)
urn:catalog:AADC:BANZARE:BANZARE-59;13/01/2009 16.40;see http://data.aad.gov.au/metadata/records/ASAC_140;AADC;BANZARE;HumanObservation;collector identities withheld;urn:catalog:AADC:BANZARE:BANZARE-59;BANZARE-59;BANZARE Expedition crew;1;;;present;1929-12-17 16:20:00+00;1929;12;17;;Southern Ocean;Antarctica;Southern Ocean;;;-6.443.500.000;7.730.700.000;1.000.000.000.000;http://www.marinespecies.org/aphia.php?p=taxdetails&id=231405;Balaenoptera bonaerensis;Animalia;Chordata;Mammalia;Cetacea;Balaenopteridae;Balaenoptera;bonaerensis;;Burmeister, 1867
urn:catalog:AADC:BANZARE:BANZARE-6;13/01/2009 16.40;see http://data.aad.gov.au/metadata/records/ASAC_140;AADC;BANZARE;HumanObservation;collector identities withheld;urn:catalog:AADC:BANZARE:BANZARE-6;BANZARE-6;BANZARE Expedition crew;9;;;present;1929-12-15 17:00:00+00;1929;12;15;in pack ice;Southern Ocean;Antarctica;Southern Ocean;;;-6.536.900.000;8.041.000.000;1.000.000.000.000;http://www.marinespecies.org/aphia.php?p=taxdetails&id=137090;Balaenoptera musculus;Animalia;Chordata;Mammalia;Cetacea;Balaenopteridae;Balaenoptera;musculus;;(Linnaeus,1758)
urn:catalog:AADC:BANZARE:BANZARE-60;13/01/2009 16.40;see http://data.aad.gov.au/metadata/records/ASAC_140;AADC;BANZARE;HumanObservation;collector identities withheld;urn:catalog:AADC:BANZARE:BANZARE-60;BANZARE-60;BANZARE Expedition crew;2;;;present;1929-12-17 23:45:00+00;1929;12;17;;Southern Ocean;Antarctica;Southern Ocean;;;-6.429.600.000;7.666.300.000;1.000.000.000.000;http://www.marinespecies.org/aphia.php?p=taxdetails&id=231405;Balaenoptera bonaerensis;Animalia;Chordata;Mammalia;Cetacea;Balaenopteridae;Balaenoptera;bonaerensis;;Burmeister, 1867
urn:catalog:AADC:BANZARE:BANZARE-61;13/01/2009 16.40;see http://data.aad.gov.au/metadata/records/ASAC_140;AADC;BANZARE;HumanObservation;collector identities withheld;urn:catalog:AADC:BANZARE:BANZARE-61;BANZARE-61;BANZARE Expedition crew;1;;;present;1929-12-18 22:00:00+00;1929;12;18;;Southern Ocean;Antarctica;Southern Ocean;;;-6.472.600.000;7.498.900.000;1.000.000.000.000;http://www.marinespecies.org/aphia.php?p=taxdetails&id=231405;Balaenoptera bonaerensis;Animalia;Chordata;Mammalia;Cetacea;Balaenopteridae;Balaenoptera;bonaerensis;;Burmeister, 1867
urn:catalog:AADC:BANZARE:BANZARE-62;13/01/2009 16.40;see http://data.aad.gov.au/metadata/records/ASAC_140;AADC;BANZARE;HumanObservation;collector identities withheld;urn:catalog:AADC:BANZARE:BANZARE-62;BANZARE-62;BANZARE Expedition crew;;;;present;1929-12-19 04:15:00+00;1929;12;19;;Southern Ocean;Antarctica;Southern Ocean;;;-6.513.900.000;7.460.700.000;1.000.000.000.000;http://www.marinespecies.org/aphia.php?p=taxdetails&id=137102;Orcinus orca;Animalia;Chordata;Mammalia;Cetacea;Delphinidae;Orcinus;orca;;Linnaeus,1758
urn:catalog:AADC:BANZARE:BANZARE-63;13/01/2009 16.40;see http://data.aad.gov.au/metadata/records/ASAC_140;AADC;BANZARE;HumanObservation;collector identities withheld;urn:catalog:AADC:BANZARE:BANZARE-63;BANZARE-63;BANZARE Expedition crew;;;;present;1929-12-19 12:30:00+00;1929;12;19;;Southern Ocean;Antarctica;Southern Ocean;;;-6.566.100.000;7.412.400.000;1.000.000.000.000;http://www.marinespecies.org/aphia.php?p=taxdetails&id=137102;Orcinus orca;Animalia;Chordata;Mammalia;Cetacea;Delphinidae;Orcinus;orca;;Linnaeus,1758
urn:catalog:AADC:BANZARE:BANZARE-64;13/01/2009 16.40;see http://data.aad.gov.au/metadata/records/ASAC_140;AADC;BANZARE;HumanObservation;collector identities withheld;urn:catalog:AADC:BANZARE:BANZARE-64;BANZARE-64;BANZARE Expedition crew;2;;;present;1929-12-19 18:00:00+00;1929;12;19;;Southern Ocean;Antarctica;Southern Ocean;;;-6.578.800.000;7.402.500.000;1.000.000.000.000;http://www.marinespecies.org/aphia.php?p=taxdetails&id=137091;Balaenoptera physalus;Animalia;Chordata;Mammalia;Cetacea;Balaenopteridae;Balaenoptera;physalus;;Linnaeus,1758
urn:catalog:AADC:BANZARE:BANZARE-65;13/01/2009 16.40;see http://data.aad.gov.au/metadata/records/ASAC_140;AADC;BANZARE;HumanObservation;collector identities withheld;urn:catalog:AADC:BANZARE:BANZARE-65;BANZARE-65;BANZARE Expedition crew;2;;;present;1929-12-19 19:40:00+00;1929;12;19;;Southern Ocean;Antarctica;Southern Ocean;;;-6.582.600.000;7.399.500.000;1.000.000.000.000;http://www.marinespecies.org/aphia.php?p=taxdetails&id=231405;Balaenoptera bonaerensis;Animalia;Chordata;Mammalia;Cetacea;Balaenopteridae;Balaenoptera;bonaerensis;;Burmeister, 1867
urn:catalog:AADC:BANZARE:BANZARE-66;13/01/2009 16.40;see http://data.aad.gov.au/metadata/records/ASAC_140;AADC;BANZARE;HumanObservation;collector identities withheld;urn:catalog:AADC:BANZARE:BANZARE-66;BANZARE-66;BANZARE Expedition crew;;;;present;1929-12-21 07:30:00+00;1929;12;21;;Southern Ocean;Antarctica;Southern Ocean;;;-6.630.800.000;7.349.700.000;1.000.000.000.000;http://www.marinespecies.org/aphia.php?p=taxdetails&id=231405;Balaenoptera bonaerensis;Animalia;Chordata;Mammalia;Cetacea;Balaenopteridae;Balaenoptera;bonaerensis;;Burmeister, 1867
urn:catalog:AADC:BANZARE:BANZARE-67;13/01/2009 16.40;see http://data.aad.gov.au/metadata/records/ASAC_140;AADC;BANZARE;HumanObservation;collector identities withheld;urn:catalog:AADC:BANZARE:BANZARE-67;BANZARE-67;BANZARE Expedition crew;1;;;present;1929-12-23 19:30:00+00;1929;12;23;;Southern Ocean;Antarctica;Southern Ocean;;;-6.636.700.000;7.316.800.000;1.000.000.000.000;http://www.marinespecies.org/aphia.php?p=taxdetails&id=231405;Balaenoptera bonaerensis;Animalia;Chordata;Mammalia;Cetacea;Balaenopteridae;Balaenoptera;bonaerensis;;Burmeister, 1867
urn:catalog:AADC:BANZARE:BANZARE-68;13/01/2009 16.40;see http://data.aad.gov.au/metadata/records/ASAC_140;AADC;BANZARE;HumanObservation;collector identities withheld;urn:catalog:AADC:BANZARE:BANZARE-68;BANZARE-68;BANZARE Expedition crew;1;;;present;1929-12-28 12:30:00+00;1929;12;28;;Southern Ocean;Antarctica;Southern Ocean;;;-6.585.100.000;7.034.800.000;1.000.000.000.000;http://www.marinespecies.org/aphia.php?p=taxdetails&id=137102;Orcinus orca;Animalia;Chordata;Mammalia;Cetacea;Delphinidae;Orcinus;orca;;Linnaeus,1758
urn:catalog:AADC:BANZARE:BANZARE-69;13/01/2009 16.40;see http://data.aad.gov.au/metadata/records/ASAC_140;AADC;BANZARE;HumanObservation;collector identities withheld;urn:catalog:AADC:BANZARE:BANZARE-69;BANZARE-69;BANZARE Expedition crew;1;;;present;1930-01-07 16:15:00+00;1930;1;7;;Southern Ocean;Antarctica;Southern Ocean;;;-6.636.800.000;5.895.700.000;1.000.000.000.000;http://www.marinespecies.org/aphia.php?p=taxdetails&id=231405;Balaenoptera bonaerensis;Animalia;Chordata;Mammalia;Cetacea;Balaenopteridae;Balaenoptera;bonaerensis;;Burmeister, 1867
urn:catalog:AADC:BANZARE:BANZARE-7;13/01/2009 16.40;see http://data.aad.gov.au/metadata/records/ASAC_140;AADC;BANZARE;HumanObservation;collector identities withheld;urn:catalog:AADC:BANZARE:BANZARE-7;BANZARE-7;BANZARE Expedition crew;1;;;present;1929-12-15 22:30:00+00;1929;12;15;;Southern Ocean;Antarctica;Southern Ocean;;;-6.542.600.000;8.012.700.000;1.000.000.000.000;http://www.marinespecies.org/aphia.php?p=taxdetails&id=137090;Balaenoptera musculus;Animalia;Chordata;Mammalia;Cetacea;Balaenopteridae;Balaenoptera;musculus;;(Linnaeus,1758)
urn:catalog:AADC:BANZARE:BANZARE-70;13/01/2009 16.40;see http://data.aad.gov.au/metadata/records/ASAC_140;AADC;BANZARE;HumanObservation;collector identities withheld;urn:catalog:AADC:BANZARE:BANZARE-70;BANZARE-70;BANZARE Expedition crew;1;;;present;1930-01-12 09:00:00+00;1930;1;12;;Southern Ocean;Antarctica;Southern Ocean;;;-6.611.500.000;5.802.900.000;1.000.000.000.000;http://www.marinespecies.org/aphia.php?p=taxdetails&id=231405;Balaenoptera bonaerensis;Animalia;Chordata;Mammalia;Cetacea;Balaenopteridae;Balaenoptera;bonaerensis;;Burmeister, 1867
urn:catalog:AADC:BANZARE:BANZARE-71;13/01/2009 16.40;see http://data.aad.gov.au/metadata/records/ASAC_140;AADC;BANZARE;HumanObservation;collector identities withheld;urn:catalog:AADC:BANZARE:BANZARE-71;BANZARE-71;BANZARE Expedition crew;2;;;present;1930-01-12 09:15:00+00;1930;1;12;;Southern Ocean;Antarctica;Southern Ocean;;;-6.610.900.000;5.800.300.000;1.000.000.000.000;http://www.marinespecies.org/aphia.php?p=taxdetails&id=231405;Balaenoptera bonaerensis;Animalia;Chordata;Mammalia;Cetacea;Balaenopteridae;Balaenoptera;bonaerensis;;Burmeister, 1867
urn:catalog:AADC:BANZARE:BANZARE-72;13/01/2009 16.40;see http://data.aad.gov.au/metadata/records/ASAC_140;AADC;BANZARE;HumanObservation;collector identities withheld;urn:catalog:AADC:BANZARE:BANZARE-72;BANZARE-72;BANZARE Expedition crew;1;;;present;1930-01-12 11:00:00+00;1930;1;12;;Southern Ocean;Antarctica;Southern Ocean;;;-6.607.200.000;5.782.100.000;1.000.000.000.000;http://www.marinespecies.org/aphia.php?p=taxdetails&id=137091;Balaenoptera physalus;Animalia;Chordata;Mammalia;Cetacea;Balaenopteridae;Balaenoptera;physalus;;Linnaeus,1758
urn:catalog:AADC:BANZARE:BANZARE-73;13/01/2009 16.40;see http://data.aad.gov.au/metadata/records/ASAC_140;AADC;BANZARE;HumanObservation;collector identities withheld;urn:catalog:AADC:BANZARE:BANZARE-73;BANZARE-73;BANZARE Expedition crew;1;;;present;1930-01-12 13:30:00+00;1930;1;12;;Southern Ocean;Antarctica;Southern Ocean;;;-6.603.600.000;5.746.000.000;1.000.000.000.000;http://www.marinespecies.org/aphia.php?p=taxdetails&id=231405;Balaenoptera bonaerensis;Animalia;Chordata;Mammalia;Cetacea;Balaenopteridae;Balaenoptera;bonaerensis;;Burmeister, 1867
urn:catalog:AADC:BANZARE:BANZARE-74;13/01/2009 16.40;see http://data.aad.gov.au/metadata/records/ASAC_140;AADC;BANZARE;HumanObservation;collector identities withheld;urn:catalog:AADC:BANZARE:BANZARE-74;BANZARE-74;BANZARE Expedition crew;1;;;present;1930-01-18 12:00:00+00;1930;1;18;attacking a large whale;Southern Ocean;Antarctica;Southern Ocean;;;-6.623.300.000;4.940.000.000;1.000.000.000.000;http://www.marinespecies.org/aphia.php?p=taxdetails&id=137102;Orcinus orca;Animalia;Chordata;Mammalia;Cetacea;Delphinidae;Orcinus;orca;;Linnaeus,1758
urn:catalog:AADC:BANZARE:BANZARE-75;13/01/2009 16.40;see http://data.aad.gov.au/metadata/records/ASAC_140;AADC;BANZARE;HumanObservation;collector identities withheld;urn:catalog:AADC:BANZARE:BANZARE-75;BANZARE-75;BANZARE Expedition crew;1;;;present;1930-01-20 12:00:00+00;1930;1;20;;Southern Ocean;Antarctica;Southern Ocean;;;-6.641.700.000;4.308.300.000;1.000.000.000.000;http://www.marinespecies.org/aphia.php?p=taxdetails&id=137091;Balaenoptera physalus;Animalia;Chordata;Mammalia;Cetacea;Balaenopteridae;Balaenoptera;physalus;;Linnaeus,1758
urn:catalog:AADC:BANZARE:BANZARE-76;13/01/2009 16.40;see http://data.aad.gov.au/metadata/records/ASAC_140;AADC;BANZARE;HumanObservation;collector identities withheld;urn:catalog:AADC:BANZARE:BANZARE-76;BANZARE-76;BANZARE Expedition crew;3;;;present;1930-01-22 12:00:00+00;1930;1;22;chasing a seal;Southern Ocean;Antarctica;Southern Ocean;;;-6.665.000.000;4.643.300.000;1.000.000.000.000;http://www.marinespecies.org/aphia.php?p=taxdetails&id=137102;Orcinus orca;Animalia;Chordata;Mammalia;Cetacea;Delphinidae;Orcinus;orca;;Linnaeus,1758
urn:catalog:AADC:BANZARE:BANZARE-77;13/01/2009 16.40;see http://data.aad.gov.au/metadata/records/ASAC_140;AADC;BANZARE;HumanObservation;collector identities withheld;urn:catalog:AADC:BANZARE:BANZARE-77;BANZARE-77;BANZARE Expedition crew;1;;;present;1930-01-22 21:30:00+00;1930;1;22;;Southern Ocean;Antarctica;Southern Ocean;;;-6.643.200.000;4.817.500.000;1.000.000.000.000;http://www.marinespecies.org/aphia.php?p=taxdetails&id=137102;Orcinus orca;Animalia;Chordata;Mammalia;Cetacea;Delphinidae;Orcinus;orca;;Linnaeus,1758
urn:catalog:AADC:BANZARE:BANZARE-78;13/01/2009 16.40;see http://data.aad.gov.au/metadata/records/ASAC_140;AADC;BANZARE;HumanObservation;collector identities withheld;urn:catalog:AADC:BANZARE:BANZARE-78;BANZARE-78;BANZARE Expedition crew;;;;present;1930-01-26 12:00:00+00;1930;1;26;in brash ice;Southern Ocean;Antarctica;Southern Ocean;;;-6.578.300.000;5.445.000.000;1.000.000.000.000;http://www.marinespecies.org/aphia.php?p=taxdetails&id=231405;Balaenoptera bonaerensis;Animalia;Chordata;Mammalia;Cetacea;Balaenopteridae;Balaenoptera;bonaerensis;;Burmeister, 1867
urn:catalog:AADC:BANZARE:BANZARE-79;13/01/2009 16.40;see http://data.aad.gov.au/metadata/records/ASAC_140;AADC;BANZARE;HumanObservation;collector identities withheld;urn:catalog:AADC:BANZARE:BANZARE-79;BANZARE-79;BANZARE Expedition crew;2;;;present;1930-01-27 08:30:00+00;1930;1;27;;Southern Ocean;Antarctica;Southern Ocean;;;-6.514.300.000;5.486.300.000;1.000.000.000.000;http://www.marinespecies.org/aphia.php?p=taxdetails&id=137091;Balaenoptera physalus;Animalia;Chordata;Mammalia;Cetacea;Balaenopteridae;Balaenoptera;physalus;;Linnaeus,1758
urn:catalog:AADC:BANZARE:BANZARE-8;13/01/2009 16.40;see http://data.aad.gov.au/metadata/records/ASAC_140;AADC;BANZARE;HumanObservation;collector identities withheld;urn:catalog:AADC:BANZARE:BANZARE-8;BANZARE-8;BANZARE Expedition crew;2;;;present;1929-12-16 17:00:00+00;1929;12;16;;Southern Ocean;Antarctica;Southern Ocean;;;-6.534.800.000;7.906.900.000;1.000.000.000.000;http://www.marinespecies.org/aphia.php?p=taxdetails&id=137090;Balaenoptera musculus;Animalia;Chordata;Mammalia;Cetacea;Balaenopteridae;Balaenoptera;musculus;;(Linnaeus,1758)
urn:catalog:AADC:BANZARE:BANZARE-80;13/01/2009 16.40;see http://data.aad.gov.au/metadata/records/ASAC_140;AADC;BANZARE;HumanObservation;collector identities withheld;urn:catalog:AADC:BANZARE:BANZARE-80;BANZARE-80;BANZARE Expedition crew;1;;;present;1930-01-29 10:00:00+00;1930;1;29;almost leaping from water;Southern Ocean;Antarctica;Southern Ocean;;;-6.293.300.000;5.426.800.000;1.000.000.000.000;http://www.marinespecies.org/aphia.php?p=taxdetails&id=137090;Balaenoptera musculus;Animalia;Chordata;Mammalia;Cetacea;Balaenopteridae;Balaenoptera;musculus;;(Linnaeus,1758)
urn:catalog:AADC:BANZARE:BANZARE-81;13/01/2009 16.40;see http://data.aad.gov.au/metadata/records/ASAC_140;AADC;BANZARE;HumanObservation;collector identities withheld;urn:catalog:AADC:BANZARE:BANZARE-81;BANZARE-81;BANZARE Expedition crew;2;;;present;1930-02-22 12:00:00+00;1930;2;22;near murray island;Southern Ocean;Antarctica;Southern Ocean;;;-4.950.000.000;6.980.000.000;1.000.000.000.000;http://www.marinespecies.org/aphia.php?p=taxdetails&id=231405;Balaenoptera bonaerensis;Animalia;Chordata;Mammalia;Cetacea;Balaenopteridae;Balaenoptera;bonaerensis;;Burmeister, 1867
urn:catalog:AADC:BANZARE:BANZARE-82;13/01/2009 16.40;see http://data.aad.gov.au/metadata/records/ASAC_140;AADC;BANZARE;HumanObservation;collector identities withheld;urn:catalog:AADC:BANZARE:BANZARE-82;BANZARE-82;BANZARE Expedition crew;1;;;present;1930-03-17 10:20:00+00;1930;3;17;;Southern Ocean;Antarctica;Southern Ocean;;;-3.803.300.000;11.084.000.000;1.000.000.000.000;http://www.marinespecies.org/aphia.php?p=taxdetails&id=137119;Physeter macrocephalus;Animalia;Chordata;Mammalia;Cetacea;Physeteridae;Physeter;macrocephalus;;Linnaeus,1758
urn:catalog:AADC:BANZARE:BANZARE-83;13/01/2009 16.41;see http://data.aad.gov.au/metadata/records/ASAC_140;AADC;BANZARE;HumanObservation;collector identities withheld;urn:catalog:AADC:BANZARE:BANZARE-83;BANZARE-83;BANZARE Expedition crew;2;;;present;1930-12-10 16:35:00+00;1930;12;10;moving south;Southern Ocean;Antarctica;Southern Ocean;;;-6.254.700.000;16.423.300.000;1.000.000.000.000;http://www.marinespecies.org/aphia.php?p=taxdetails&id=137088;Balaenoptera borealis;Animalia;Chordata;Mammalia;Cetacea;Balaenopteridae;Balaenoptera;borealis;;Lesson,1828
urn:catalog:AADC:BANZARE:BANZARE-84;13/01/2009 16.41;see http://data.aad.gov.au/metadata/records/ASAC_140;AADC;BANZARE;HumanObservation;collector identities withheld;urn:catalog:AADC:BANZARE:BANZARE-84;BANZARE-84;BANZARE Expedition crew;3;;;present;1930-12-13 20:00:00+00;1930;12;13;;Southern Ocean;Antarctica;Southern Ocean;;;-6.417.800.000;17.448.300.000;1.000.000.000.000;http://www.marinespecies.org/aphia.php?p=taxdetails&id=137090;Balaenoptera musculus;Animalia;Chordata;Mammalia;Cetacea;Balaenopteridae;Balaenoptera;musculus;;(Linnaeus,1758)
urn:catalog:AADC:BANZARE:BANZARE-85;13/01/2009 16.41;see http://data.aad.gov.au/metadata/records/ASAC_140;AADC;BANZARE;HumanObservation;collector identities withheld;urn:catalog:AADC:BANZARE:BANZARE-85;BANZARE-85;BANZARE Expedition crew;1;;;present;1930-12-14 11:30:00+00;1930;12;14;dead wu=ith gp and fulmars feeding;Southern Ocean;Antarctica;Southern Ocean;;;-6.436.100.000;17.700.200.000;1.000.000.000.000;http://www.marinespecies.org/aphia.php?p=taxdetails&id=137090;Balaenoptera musculus;Animalia;Chordata;Mammalia;Cetacea;Balaenopteridae;Balaenoptera;musculus;;(Linnaeus,1758)
urn:catalog:AADC:BANZARE:BANZARE-86;13/01/2009 16.41;see http://data.aad.gov.au/metadata/records/ASAC_140;AADC;BANZARE;HumanObservation;collector identities withheld;urn:catalog:AADC:BANZARE:BANZARE-86;BANZARE-86;BANZARE Expedition crew;20;;;present;1930-12-17 12:00:00+00;1930;12;17;;Southern Ocean;Antarctica;Southern Ocean;;;-6.470.000.000;17.675.000.000;1.000.000.000.000;http://www.marinespecies.org/aphia.php?p=taxdetails&id=137102;Orcinus orca;Animalia;Chordata;Mammalia;Cetacea;Delphinidae;Orcinus;orca;;Linnaeus,1758
urn:catalog:AADC:BANZARE:BANZARE-87;13/01/2009 16.41;see http://data.aad.gov.au/metadata/records/ASAC_140;AADC;BANZARE;HumanObservation;collector identities withheld;urn:catalog:AADC:BANZARE:BANZARE-87;BANZARE-87;BANZARE Expedition crew;1;;;present;1930-12-18 18:00:00+00;1930;12;18;;Southern Ocean;Antarctica;Southern Ocean;;;-6.409.600.000;17.277.500.000;1.000.000.000.000;http://www.marinespecies.org/aphia.php?p=taxdetails&id=137090;Balaenoptera musculus;Animalia;Chordata;Mammalia;Cetacea;Balaenopteridae;Balaenoptera;musculus;;(Linnaeus,1758)
urn:catalog:AADC:BANZARE:BANZARE-88;13/01/2009 16.41;see http://data.aad.gov.au/metadata/records/ASAC_140;AADC;BANZARE;HumanObservation;collector identities withheld;urn:catalog:AADC:BANZARE:BANZARE-88;BANZARE-88;BANZARE Expedition crew;2;;;present;1930-12-20 12:00:00+00;1930;12;20;;Southern Ocean;Antarctica;Southern Ocean;;;-6.366.700.000;16.803.300.000;1.000.000.000.000;http://www.marinespecies.org/aphia.php?p=taxdetails&id=137090;Balaenoptera musculus;Animalia;Chordata;Mammalia;Cetacea;Balaenopteridae;Balaenoptera;musculus;;(Linnaeus,1758)
urn:catalog:AADC:BANZARE:BANZARE-89;13/01/2009 16.41;see http://data.aad.gov.au/metadata/records/ASAC_140;AADC;BANZARE;HumanObservation;collector identities withheld;urn:catalog:AADC:BANZARE:BANZARE-89;BANZARE-89;BANZARE Expedition crew;2;;;present;1930-12-20 15:00:00+00;1930;12;20;going east;Southern Ocean;Antarctica;Southern Ocean;;;-6.364.000.000;16.759.000.000;1.000.000.000.000;http://www.marinespecies.org/aphia.php?p=taxdetails&id=137090;Balaenoptera musculus;Animalia;Chordata;Mammalia;Cetacea;Balaenopteridae;Balaenoptera;musculus;;(Linnaeus,1758)
urn:catalog:AADC:BANZARE:BANZARE-9;13/01/2009 16.40;see http://data.aad.gov.au/metadata/records/ASAC_140;AADC;BANZARE;HumanObservation;collector identities withheld;urn:catalog:AADC:BANZARE:BANZARE-9;BANZARE-9;BANZARE Expedition crew;4;;;present;1929-12-16 17:30:00+00;1929;12;16;;Southern Ocean;Antarctica;Southern Ocean;;;-6.532.600.000;7.903.200.000;1.000.000.000.000;http://www.marinespecies.org/aphia.php?p=taxdetails&id=137090;Balaenoptera musculus;Animalia;Chordata;Mammalia;Cetacea;Balaenopteridae;Balaenoptera;musculus;;(Linnaeus,1758)
urn:catalog:AADC:BANZARE:BANZARE-90;13/01/2009 16.41;see http://data.aad.gov.au/metadata/records/ASAC_140;AADC;BANZARE;HumanObservation;collector identities withheld;urn:catalog:AADC:BANZARE:BANZARE-90;BANZARE-90;BANZARE Expedition crew;1;;;present;1930-12-20 15:30:00+00;1930;12;20;;Southern Ocean;Antarctica;Southern Ocean;;;-6.363.500.000;16.751.600.000;1.000.000.000.000;http://www.marinespecies.org/aphia.php?p=taxdetails&id=137090;Balaenoptera musculus;Animalia;Chordata;Mammalia;Cetacea;Balaenopteridae;Balaenoptera;musculus;;(Linnaeus,1758)
urn:catalog:AADC:BANZARE:BANZARE-91;13/01/2009 16.41;see http://data.aad.gov.au/metadata/records/ASAC_140;AADC;BANZARE;HumanObservation;collector identities withheld;urn:catalog:AADC:BANZARE:BANZARE-91;BANZARE-91;BANZARE Expedition crew;3;;;present;1930-12-21 09:00:00+00;1930;12;21;;Southern Ocean;Antarctica;Southern Ocean;;;-6.347.700.000;16.492.700.000;1.000.000.000.000;http://www.marinespecies.org/aphia.php?p=taxdetails&id=137092;Megaptera novaeangliae;Animalia;Chordata;Mammalia;Cetacea;Balaenopteridae;Megaptera;novaeangliae;;(Borowski,1781)
urn:catalog:AADC:BANZARE:BANZARE-92;13/01/2009 16.41;see http://data.aad.gov.au/metadata/records/ASAC_140;AADC;BANZARE;HumanObservation;collector identities withheld;urn:catalog:AADC:BANZARE:BANZARE-92;BANZARE-92;BANZARE Expedition crew;2;;;present;1930-12-23 08:00:00+00;1930;12;23;;Southern Ocean;Antarctica;Southern Ocean;;;-6.416.900.000;15.550.000.000;1.000.000.000.000;http://www.marinespecies.org/aphia.php?p=taxdetails&id=137090;Balaenoptera musculus;Animalia;Chordata;Mammalia;Cetacea;Balaenopteridae;Balaenoptera;musculus;;(Linnaeus,1758)
urn:catalog:AADC:BANZARE:BANZARE-93;13/01/2009 16.41;see http://data.aad.gov.au/metadata/records/ASAC_140;AADC;BANZARE;HumanObservation;collector identities withheld;urn:catalog:AADC:BANZARE:BANZARE-93;BANZARE-93;BANZARE Expedition crew;3;;;present;1930-12-23 18:00:00+00;1930;12;23;;Southern Ocean;Antarctica;Southern Ocean;;;-6.427.900.000;15.437.100.000;1.000.000.000.000;http://www.marinespecies.org/aphia.php?p=taxdetails&id=137091;Balaenoptera physalus;Animalia;Chordata;Mammalia;Cetacea;Balaenopteridae;Balaenoptera;physalus;;Linnaeus,1758
urn:catalog:AADC:BANZARE:BANZARE-94;13/01/2009 16.41;see http://data.aad.gov.au/metadata/records/ASAC_140;AADC;BANZARE;HumanObservation;collector identities withheld;urn:catalog:AADC:BANZARE:BANZARE-94;BANZARE-94;BANZARE Expedition crew;1;;;present;1931-01-01 15:00:00+00;1931;1;1;in large pool within pack-ice;Southern Ocean;Antarctica;Southern Ocean;;;-6.599.000.000;13.935.400.000;1.000.000.000.000;http://www.marinespecies.org/aphia.php?p=taxdetails&id=231405;Balaenoptera bonaerensis;Animalia;Chordata;Mammalia;Cetacea;Balaenopteridae;Balaenoptera;bonaerensis;;Burmeister, 1867
urn:catalog:AADC:BANZARE:BANZARE-95;13/01/2009 16.41;see http://data.aad.gov.au/metadata/records/ASAC_140;AADC;BANZARE;HumanObservation;collector identities withheld;urn:catalog:AADC:BANZARE:BANZARE-95;BANZARE-95;BANZARE Expedition crew;1;;;present;1931-01-05 12:00:00+00;1931;1;5;;Southern Ocean;Antarctica;Southern Ocean;;;-6.698.300.000;14.261.700.000;1.000.000.000.000;http://www.marinespecies.org/aphia.php?p=taxdetails&id=231405;Balaenoptera bonaerensis;Animalia;Chordata;Mammalia;Cetacea;Balaenopteridae;Balaenoptera;bonaerensis;;Burmeister, 1867
urn:catalog:AADC:BANZARE:BANZARE-96;13/01/2009 16.41;see http://data.aad.gov.au/metadata/records/ASAC_140;AADC;BANZARE;HumanObservation;collector identities withheld;urn:catalog:AADC:BANZARE:BANZARE-96;BANZARE-96;BANZARE Expedition crew;3;;;present;1931-01-08 20:00:00+00;1931;1;8;;Southern Ocean;Antarctica;Southern Ocean;;;-6.627.200.000;13.995.000.000;1.000.000.000.000;http://www.marinespecies.org/aphia.php?p=taxdetails&id=137102;Orcinus orca;Animalia;Chordata;Mammalia;Cetacea;Delphinidae;Orcinus;orca;;Linnaeus,1758
urn:catalog:AADC:BANZARE:BANZARE-97;13/01/2009 16.41;see http://data.aad.gov.au/metadata/records/ASAC_140;AADC;BANZARE;HumanObservation;collector identities withheld;urn:catalog:AADC:BANZARE:BANZARE-97;BANZARE-97;BANZARE Expedition crew;2;;;present;1931-01-10 20:00:00+00;1931;1;10;;Southern Ocean;Antarctica;Southern Ocean;;;-6.497.200.000;13.326.100.000;1.000.000.000.000;http://www.marinespecies.org/aphia.php?p=taxdetails&id=137090;Balaenoptera musculus;Animalia;Chordata;Mammalia;Cetacea;Balaenopteridae;Balaenoptera;musculus;;(Linnaeus,1758)
urn:catalog:AADC:BANZARE:BANZARE-98;13/01/2009 16.41;see http://data.aad.gov.au/metadata/records/ASAC_140;AADC;BANZARE;HumanObservation;collector identities withheld;urn:catalog:AADC:BANZARE:BANZARE-98;BANZARE-98;BANZARE Expedition crew;1;;;present;1931-01-10 13:30:00+00;1931;1;10;;Southern Ocean;Antarctica;Southern Ocean;;;-6.461.600.000;13.472.800.000;1.000.000.000.000;http://www.marinespecies.org/aphia.php?p=taxdetails&id=137090;Balaenoptera musculus;Animalia;Chordata;Mammalia;Cetacea;Balaenopteridae;Balaenoptera;musculus;;(Linnaeus,1758)
urn:catalog:AADC:BANZARE:BANZARE-99;13/01/2009 16.41;see http://data.aad.gov.au/metadata/records/ASAC_140;AADC;BANZARE;HumanObservation;collector identities withheld;urn:catalog:AADC:BANZARE:BANZARE-99;BANZARE-99;BANZARE Expedition crew;1;;;present;1931-01-14 17:00:00+00;1931;1;14;;Southern Ocean;Antarctica;Southern Ocean;;;-6.492.200.000;12.878.000.000;1.000.000.000.000;http://www.marinespecies.org/aphia.php?p=taxdetails&id=137091;Balaenoptera physalus;Animalia;Chordata;Mammalia;Cetacea;Balaenopteridae;Balaenoptera;physalus;;Linnaeus,1758